complaint_text,department,category,priority,clean_text
"Major pipeline burst near Shiv Mandir, Gautam Nagar; water gushing onto the main road, causing traffic issues and huge wastage.",Water Supply,Leakage,High,"major pipeline burst near shiv mandir, gautam nagar water gushing onto the main road, causing traffic issues and huge wastage."
"Continuous heavy leakage from the main water line on MG Road, opposite Post Office, creating a large puddle and potential for accidents.",Water Supply,Leakage,High,"continuous heavy leakage from the main water line on mg road, opposite post office, creating a large puddle and potential for accidents."
"Urgent: Significant water leak at the junction of Lane 3 and 4, Indira Nagar; water is flowing non-stop into the storm drain for hours.",Water Supply,Leakage,High,"urgent significant water leak at the junction of lane 3 and 4, indira nagar water is flowing nonstop into the storm drain for hours."
"A pipe has burst outside house #12B, Green Park Colony, water is flooding the street and entering my compound. Needs immediate repair.",Water Supply,Leakage,High,"a pipe has burst outside house 12b, green park colony, water is flooding the street and entering my compound. needs immediate repair."
"There's a serious leakage from the public standpost near the weekly market in Rampur, wasting precious drinking water all day.",Water Supply,Leakage,High,"theres a serious leakage from the public standpost near the weekly market in rampur, wasting precious drinking water all day."
"Water meter outside my home (Flat 401, Sapphire Apartments) is leaking profusely, leading to massive water loss and high bills.",Water Supply,Leakage,High,"water meter outside my home flat 401, sapphire apartments is leaking profusely, leading to massive water loss and high bills."
"Underground pipe leakage reported near the public park entrance, Anand Vihar; the ground is completely waterlogged and becoming a mosquito breeding site.",Water Supply,Leakage,High,"underground pipe leakage reported near the public park entrance, anand vihar the ground is completely waterlogged and becoming a mosquito breeding site."
"Massive water seepage observed near the foundation of my building, A-20, Saraswati Vihar, potentially weakening the structure. Source appears to be the main municipal line.",Water Supply,Leakage,High,"massive water seepage observed near the foundation of my building, a20, saraswati vihar, potentially weakening the structure. source appears to be the main municipal line."
"Heavy water leakage from the main supply line on Professor Colony Road, causing a huge pothole and dangerous conditions for commuters.",Water Supply,Leakage,High,"heavy water leakage from the main supply line on professor colony road, causing a huge pothole and dangerous conditions for commuters."
"Burst pipe behind the District Hospital, near the staff quarters, creating a river on the service road. Please attend on priority.",Water Supply,Leakage,High,"burst pipe behind the district hospital, near the staff quarters, creating a river on the service road. please attend on priority."
"My tap connection on the main line is leaking severely, 5th Street, Krishna Nagar; water is running continuously down the lane.",Water Supply,Leakage,High,"my tap connection on the main line is leaking severely, 5th street, krishna nagar water is running continuously down the lane."
"Urgent attention needed for a gushing leak on Main Bazaar Road, near the vegetable market. Water is flowing like a stream, causing great inconvenience.",Water Supply,Leakage,High,"urgent attention needed for a gushing leak on main bazaar road, near the vegetable market. water is flowing like a stream, causing great inconvenience."
"Persistent, heavy leakage from the water pipeline near the bus stop, Sector 7; the area is perpetually wet and slippery.",Water Supply,Leakage,High,"persistent, heavy leakage from the water pipeline near the bus stop, sector 7 the area is perpetually wet and slippery."
"There's a major water leak from the municipal supply line outside H.No. 34, Shanti Nagar, the water is entering the adjacent low-lying houses.",Water Supply,Leakage,High,"theres a major water leak from the municipal supply line outside h.no. 34, shanti nagar, the water is entering the adjacent lowlying houses."
"A significant pipe burst on Swami Vivekananda Marg, near the municipal school, has submerged a large section of the road.",Water Supply,Leakage,High,"a significant pipe burst on swami vivekananda marg, near the municipal school, has submerged a large section of the road."
"The water pipe supplying our street (Lane 5, Ganesh Peth) is leaking heavily, leading to very low pressure and much wastage.",Water Supply,Leakage,High,"the water pipe supplying our street lane 5, ganesh peth is leaking heavily, leading to very low pressure and much wastage."
"Immediate action required for a large leak near the sewage drain on Patel Road, fearing contamination of drinking water.",Water Supply,Leakage,High,"immediate action required for a large leak near the sewage drain on patel road, fearing contamination of drinking water."
"Burst water pipe reported on the service road parallel to NH-44, near the petrol pump; huge amounts of water are being wasted.",Water Supply,Leakage,High,"burst water pipe reported on the service road parallel to nh44, near the petrol pump huge amounts of water are being wasted."
"Main line leakage causing severe waterlogging outside C-Block, Akash Ganga Apartments, posing a health hazard.",Water Supply,Leakage,High,"main line leakage causing severe waterlogging outside cblock, akash ganga apartments, posing a health hazard."
"Continuous heavy flow of water from a broken municipal pipe near the BSNL exchange building, Pratap Vihar.",Water Supply,Leakage,High,"continuous heavy flow of water from a broken municipal pipe near the bsnl exchange building, pratap vihar."
Urgent repair needed for the main water line bursting near Gandhi Chowk; the entire intersection is flooded.,Water Supply,Leakage,High,urgent repair needed for the main water line bursting near gandhi chowk the entire intersection is flooded.
Severe leakage from the communal water tap in the slum area behind railway station; countless liters are going to waste.,Water Supply,Leakage,High,severe leakage from the communal water tap in the slum area behind railway station countless liters are going to waste.
"The water pipe leading to our complex (Sunrise Residency, Tower C) has a major leak underground, causing the compound to be constantly wet.",Water Supply,Leakage,High,"the water pipe leading to our complex sunrise residency, tower c has a major leak underground, causing the compound to be constantly wet."
"A large crack in the main water supply pipe on Temple Road, near Sai Baba Temple, is spewing water onto the street.",Water Supply,Leakage,High,"a large crack in the main water supply pipe on temple road, near sai baba temple, is spewing water onto the street."
"Water is gushing out from a broken pipe near the traffic signal at City Centre, causing a huge pool on the road.",Water Supply,Leakage,High,"water is gushing out from a broken pipe near the traffic signal at city centre, causing a huge pool on the road."
"Main water line leak outside D-10, Defence Colony, making the road slippery and potentially damaging parked vehicles.",Water Supply,Leakage,High,"main water line leak outside d10, defence colony, making the road slippery and potentially damaging parked vehicles."
"Heavy leakage from the municipal water tank overflow pipe, causing constant water flow on the road below and wastage.",Water Supply,Leakage,High,"heavy leakage from the municipal water tank overflow pipe, causing constant water flow on the road below and wastage."
"Burst water pipe near the public library, causing the pavement to collapse in some areas. High priority required.",Water Supply,Leakage,High,"burst water pipe near the public library, causing the pavement to collapse in some areas. high priority required."
"There's a large water leak near the community hall, forcing residents to walk through stagnant water.",Water Supply,Leakage,High,"theres a large water leak near the community hall, forcing residents to walk through stagnant water."
"The primary water supply line for our locality (Shivaji Nagar) has a major leak near the substation, affecting water pressure.",Water Supply,Leakage,High,"the primary water supply line for our locality shivaji nagar has a major leak near the substation, affecting water pressure."
"Urgent: Water pipe burst on Station Road, near the footbridge, creating a dangerous situation for pedestrians.",Water Supply,Leakage,High,"urgent water pipe burst on station road, near the footbridge, creating a dangerous situation for pedestrians."
"Main pipeline leaking heavily on Airport Road, near cargo complex, forming a large swamp on the roadside.",Water Supply,Leakage,High,"main pipeline leaking heavily on airport road, near cargo complex, forming a large swamp on the roadside."
"Constant, heavy water leakage observed at the street corner of Gulab Singh Marg and Saraswati Marg, leading to huge wastage.",Water Supply,Leakage,High,"constant, heavy water leakage observed at the street corner of gulab singh marg and saraswati marg, leading to huge wastage."
"My water connection pipe from the main line is severely leaking underground, causing dampness in my house foundation (H.No. 7, Ram Nagar).",Water Supply,Leakage,High,"my water connection pipe from the main line is severely leaking underground, causing dampness in my house foundation h.no. 7, ram nagar."
"The public standpost at the entrance of slum no. 5 is continuously leaking, wasting water for the entire community.",Water Supply,Leakage,High,"the public standpost at the entrance of slum no. 5 is continuously leaking, wasting water for the entire community."
"Major water leak from the main pipe running along the boundary wall of Government School, Sector 15. The school ground is soggy.",Water Supply,Leakage,High,"major water leak from the main pipe running along the boundary wall of government school, sector 15. the school ground is soggy."
Huge water flow from a burst pipeline on the road leading to the industrial area; several industrial units are affected.,Water Supply,Leakage,High,huge water flow from a burst pipeline on the road leading to the industrial area several industrial units are affected.
"Urgent attention to a gushing water leak on the flyover service lane, near the Metro Station, causing waterlogging.",Water Supply,Leakage,High,"urgent attention to a gushing water leak on the flyover service lane, near the metro station, causing waterlogging."
"Continuous heavy drip/flow from the main water meter connection at my residence, 2B, Apollo Apartments, leading to significant waste.",Water Supply,Leakage,High,"continuous heavy dripflow from the main water meter connection at my residence, 2b, apollo apartments, leading to significant waste."
"The road outside S-32, New Rajendra Nagar, is completely submerged due to a major pipeline leak beneath the surface.",Water Supply,Leakage,High,"the road outside s32, new rajendra nagar, is completely submerged due to a major pipeline leak beneath the surface."
"Serious water wastage due to a large leak on the main water line near the petrol pump, causing slippery conditions for vehicles.",Water Supply,Leakage,High,"serious water wastage due to a large leak on the main water line near the petrol pump, causing slippery conditions for vehicles."
"Burst pipe near the local park entrance, causing water to run into children's play area, creating a muddy mess.",Water Supply,Leakage,High,"burst pipe near the local park entrance, causing water to run into childrens play area, creating a muddy mess."
"Urgent: Water is seeping into the basement of our building (Shop No. 5, Commercial Complex, Mall Road) from an underground municipal pipe leak.",Water Supply,Leakage,High,"urgent water is seeping into the basement of our building shop no. 5, commercial complex, mall road from an underground municipal pipe leak."
"The main water supply line on the bypass road, near the hospital, has a major leak, leading to colossal water loss.",Water Supply,Leakage,High,"the main water supply line on the bypass road, near the hospital, has a major leak, leading to colossal water loss."
"Heavy leakage from a damaged water pipeline near the community well, contaminating the well water (Ranjit Vihar).",Water Supply,Leakage,High,"heavy leakage from a damaged water pipeline near the community well, contaminating the well water ranjit vihar."
"Water pipe burst near the bus depot, causing traffic diversion and substantial water wastage.",Water Supply,Leakage,High,"water pipe burst near the bus depot, causing traffic diversion and substantial water wastage."
"There's a persistent, high-volume leak on the main water line in front of the Collector's Office, causing immense water loss.",Water Supply,Leakage,High,"theres a persistent, highvolume leak on the main water line in front of the collectors office, causing immense water loss."
"Major leak at the junction of Road A and Road B, causing the entire intersection to be waterlogged and dangerous for two-wheelers.",Water Supply,Leakage,High,"major leak at the junction of road a and road b, causing the entire intersection to be waterlogged and dangerous for twowheelers."
"The municipal water pipe running along the pedestrian footpath near the market is leaking profusely, making it impossible to walk.",Water Supply,Leakage,High,"the municipal water pipe running along the pedestrian footpath near the market is leaking profusely, making it impossible to walk."
"Urgent repair required for a burst pipe on the main road in front of the Police Station, causing severe waterlogging.",Water Supply,Leakage,High,"urgent repair required for a burst pipe on the main road in front of the police station, causing severe waterlogging."
"Continuous stream of water flowing from a broken pipe near the entrance of the Housing Board Colony, creating a health hazard.",Water Supply,Leakage,High,"continuous stream of water flowing from a broken pipe near the entrance of the housing board colony, creating a health hazard."
"Water is gushing out from a pipeline under repair on the construction site, near the new flyover, causing environmental damage.",Water Supply,Leakage,High,"water is gushing out from a pipeline under repair on the construction site, near the new flyover, causing environmental damage."
"Large water leak on the main supply line near the railway crossing, leading to long queues and traffic delays due to road damage.",Water Supply,Leakage,High,"large water leak on the main supply line near the railway crossing, leading to long queues and traffic delays due to road damage."
"Urgent: The overhead water tank in our locality (Ram Mandir Nagar) is leaking heavily from its base, showering the surrounding area.",Water Supply,Leakage,High,"urgent the overhead water tank in our locality ram mandir nagar is leaking heavily from its base, showering the surrounding area."
"A significant leakage from the main water pipeline on the bridge, causing constant dampness and potential structural issues.",Water Supply,Leakage,High,"a significant leakage from the main water pipeline on the bridge, causing constant dampness and potential structural issues."
"Water connection to my home (H.No. 17, Vikas Nagar) has a serious leak underground, leading to continuous soil erosion near the foundation.",Water Supply,Leakage,High,"water connection to my home h.no. 17, vikas nagar has a serious leak underground, leading to continuous soil erosion near the foundation."
"Continuous flow of water from a damaged municipal tap in the public park, wasting water throughout the day.",Water Supply,Leakage,High,"continuous flow of water from a damaged municipal tap in the public park, wasting water throughout the day."
"Major water leak from the primary supply line on the road leading to the Industrial Estate, affecting water pressure for all units.",Water Supply,Leakage,High,"major water leak from the primary supply line on the road leading to the industrial estate, affecting water pressure for all units."
"Urgent attention: Burst water pipe at the corner of School Road and Hospital Road, causing a huge flood.",Water Supply,Leakage,High,"urgent attention burst water pipe at the corner of school road and hospital road, causing a huge flood."
"The underground water pipe near the local pond has a severe leak, adding to the pond's water level unnaturally and contaminating it.",Water Supply,Leakage,High,"the underground water pipe near the local pond has a severe leak, adding to the ponds water level unnaturally and contaminating it."
"Heavy leakage from the main water line near the electricity transformer, posing an electrocution risk.",Water Supply,Leakage,High,"heavy leakage from the main water line near the electricity transformer, posing an electrocution risk."
Continuous wastage of water due to a persistent leak from the communal water tap in the Shastri Nagar slum area.,Water Supply,Leakage,High,continuous wastage of water due to a persistent leak from the communal water tap in the shastri nagar slum area.
"Major water leak from the supply pipeline outside the community center, causing waterlogging and a foul smell.",Water Supply,Leakage,High,"major water leak from the supply pipeline outside the community center, causing waterlogging and a foul smell."
"Urgent repair needed for the main pipeline burst near the flyover ramp, causing traffic congestion and making the road slippery.",Water Supply,Leakage,High,"urgent repair needed for the main pipeline burst near the flyover ramp, causing traffic congestion and making the road slippery."
"There's a severe leak from the public water fountain near the market, wasting water continuously for days.",Water Supply,Leakage,High,"theres a severe leak from the public water fountain near the market, wasting water continuously for days."
"Main water supply line for our area (Shivpur) is leaking heavily near the old banyan tree, drastically reducing water pressure.",Water Supply,Leakage,High,"main water supply line for our area shivpur is leaking heavily near the old banyan tree, drastically reducing water pressure."
"Burst pipe outside house no. 45, Gali No. 7, causing water to run into the sewage drain and raising contamination concerns.",Water Supply,Leakage,High,"burst pipe outside house no. 45, gali no. 7, causing water to run into the sewage drain and raising contamination concerns."
"Urgent: Significant leakage from the municipal water pipe on the main road passing through the village of Khedi, impacting local supply.",Water Supply,Leakage,High,"urgent significant leakage from the municipal water pipe on the main road passing through the village of khedi, impacting local supply."
"Continuous flow of water from a broken pipe near the District Court, causing inconvenience to visitors and wastage.",Water Supply,Leakage,High,"continuous flow of water from a broken pipe near the district court, causing inconvenience to visitors and wastage."
"Major water leak from the junction box of the main supply line near the roundabout, creating a hazard for traffic.",Water Supply,Leakage,High,"major water leak from the junction box of the main supply line near the roundabout, creating a hazard for traffic."
"Water is gushing out from a broken pipe on the road leading to the IT Park, causing the road to erode rapidly.",Water Supply,Leakage,High,"water is gushing out from a broken pipe on the road leading to the it park, causing the road to erode rapidly."
"Heavy leakage from the underground water pipeline near the slum cluster on the river bank, making the area marshy and unhygienic.",Water Supply,Leakage,High,"heavy leakage from the underground water pipeline near the slum cluster on the river bank, making the area marshy and unhygienic."
"Urgent attention to a continuous leak from the water meter pit outside H.No. 12, Puranpur, leading to huge wastage and water logging.",Water Supply,Leakage,High,"urgent attention to a continuous leak from the water meter pit outside h.no. 12, puranpur, leading to huge wastage and water logging."
"Main water line supplying our entire colony (Ramakrishna Puram) has a major leak near the entrance gate, severely affecting water supply.",Water Supply,Leakage,High,"main water line supplying our entire colony ramakrishna puram has a major leak near the entrance gate, severely affecting water supply."
"Burst pipe near the government school boundary wall, causing water to flood the playground and making it unusable.",Water Supply,Leakage,High,"burst pipe near the government school boundary wall, causing water to flood the playground and making it unusable."
"Continuous heavy leakage from the main water supply line on the path leading to the cremation ground, causing much distress.",Water Supply,Leakage,High,"continuous heavy leakage from the main water supply line on the path leading to the cremation ground, causing much distress."
"Urgent repair needed for a major leak from the municipal water pipeline near the overhead bridge, creating slippery conditions.",Water Supply,Leakage,High,"urgent repair needed for a major leak from the municipal water pipeline near the overhead bridge, creating slippery conditions."
"Water is constantly flowing from a damaged public water connection near the railway tracks, posing a safety risk.",Water Supply,Leakage,High,"water is constantly flowing from a damaged public water connection near the railway tracks, posing a safety risk."
"Significant leakage from the primary water distribution pipe on the main market street, affecting shops and pedestrians.",Water Supply,Leakage,High,"significant leakage from the primary water distribution pipe on the main market street, affecting shops and pedestrians."
"Burst water pipe near the local pond, causing contamination fears as the water mixes directly.",Water Supply,Leakage,High,"burst water pipe near the local pond, causing contamination fears as the water mixes directly."
"No water supply in our locality for the past three days, please take immediate action.",Water Supply,Shortage,High,"no water supply in our locality for the past three days, please take immediate action."
"Critical water shortage in Ward 7, residents are facing extreme difficulties with daily tasks.",Water Supply,Shortage,High,"critical water shortage in ward 7, residents are facing extreme difficulties with daily tasks."
"Our taps have been completely dry for 48 hours straight, urgent intervention is needed.",Water Supply,Shortage,High,"our taps have been completely dry for 48 hours straight, urgent intervention is needed."
"Only a trickle of water for an hour daily, insufficient for basic household needs.",Water Supply,Shortage,High,"only a trickle of water for an hour daily, insufficient for basic household needs."
"Severe water crisis in Patel Nagar, impacting hygiene and sanitation significantly.",Water Supply,Shortage,High,"severe water crisis in patel nagar, impacting hygiene and sanitation significantly."
The entire neighbourhood of Ganesh Colony has been without water for the last four days.,Water Supply,Shortage,High,the entire neighbourhood of ganesh colony has been without water for the last four days.
"Residents of Gandhi Road are facing a dire lack of drinking water, an emergency situation.",Water Supply,Shortage,High,"residents of gandhi road are facing a dire lack of drinking water, an emergency situation."
"Absolutely no water supply in our apartments since yesterday morning, affecting all residents.",Water Supply,Shortage,High,"absolutely no water supply in our apartments since yesterday morning, affecting all residents."
"This is a high-priority issue: zero water availability in our block, health risks are rising.",Water Supply,Shortage,High,"this is a highpriority issue zero water availability in our block, health risks are rising."
We are forced to buy water tankers due to the municipal supply being cut off for a week.,Water Supply,Shortage,High,we are forced to buy water tankers due to the municipal supply being cut off for a week.
"Our entire colony is completely parched, urgent water restoration is requested.",Water Supply,Shortage,High,"our entire colony is completely parched, urgent water restoration is requested."
Persistent water shortage is causing immense hardship and frustration in our community.,Water Supply,Shortage,High,persistent water shortage is causing immense hardship and frustration in our community.
Please address the grave water scarcity in our mohalla immediately; it's unsustainable.,Water Supply,Shortage,High,please address the grave water scarcity in our mohalla immediately its unsustainable.
The water tanks are empty and there has been no supply from the corporation for days.,Water Supply,Shortage,High,the water tanks are empty and there has been no supply from the corporation for days.
"Serious lack of water affecting hundreds of families in Shastri Nagar, immediate relief needed.",Water Supply,Shortage,High,"serious lack of water affecting hundreds of families in shastri nagar, immediate relief needed."
"Our area is completely cut off from water supply, an emergency situation requiring swift action.",Water Supply,Shortage,High,"our area is completely cut off from water supply, an emergency situation requiring swift action."
"For weeks, we have had only irregular and highly insufficient water supply, a major concern.",Water Supply,Shortage,High,"for weeks, we have had only irregular and highly insufficient water supply, a major concern."
"The situation is critical; zero water pressure in our taps, making any use impossible.",Water Supply,Shortage,High,"the situation is critical zero water pressure in our taps, making any use impossible."
Drinking water is a major issue due to a complete absence of supply in our area.,Water Supply,Shortage,High,drinking water is a major issue due to a complete absence of supply in our area.
We request immediate action on the severe water shortage impacting daily life here.,Water Supply,Shortage,High,we request immediate action on the severe water shortage impacting daily life here.
"No water since morning, impacting cooking, bathing, and all sanitation activities.",Water Supply,Shortage,High,"no water since morning, impacting cooking, bathing, and all sanitation activities."
The residents of Indira Nagar are struggling without adequate water for basic survival.,Water Supply,Shortage,High,the residents of indira nagar are struggling without adequate water for basic survival.
"Complete water outage in our society for more than 24 hours now, desperate for supply.",Water Supply,Shortage,High,"complete water outage in our society for more than 24 hours now, desperate for supply."
Our street hasn't seen a drop of water from the municipal corporation for over two days.,Water Supply,Shortage,High,our street hasnt seen a drop of water from the municipal corporation for over two days.
Children and elderly are suffering greatly due to this persistent water scarcity in our ward.,Water Supply,Shortage,High,children and elderly are suffering greatly due to this persistent water scarcity in our ward.
"Daily water supply has stopped completely in our sector, causing major health concerns.",Water Supply,Shortage,High,"daily water supply has stopped completely in our sector, causing major health concerns."
"The taps are constantly dry, we are unable to perform any household chores due to water scarcity.",Water Supply,Shortage,High,"the taps are constantly dry, we are unable to perform any household chores due to water scarcity."
Urgent water supply restoration is needed; our area has been completely dry for 72 hours.,Water Supply,Shortage,High,urgent water supply restoration is needed our area has been completely dry for 72 hours.
We are experiencing an unprecedented water shortage; no supply for almost a week.,Water Supply,Shortage,High,we are experiencing an unprecedented water shortage no supply for almost a week.
"The water crisis in our area is reaching breaking point, please send tankers or restore supply.",Water Supply,Shortage,High,"the water crisis in our area is reaching breaking point, please send tankers or restore supply."
"Our entire building has no water, making living conditions extremely difficult, urgent help needed.",Water Supply,Shortage,High,"our entire building has no water, making living conditions extremely difficult, urgent help needed."
"For the last five days, only 15 minutes of water supply, completely inadequate for our needs.",Water Supply,Shortage,High,"for the last five days, only 15 minutes of water supply, completely inadequate for our needs."
Severe scarcity of water is causing widespread distress among residents in our neighbourhood.,Water Supply,Shortage,High,severe scarcity of water is causing widespread distress among residents in our neighbourhood.
The lack of water supply is a grave public health issue; please intervene immediately.,Water Supply,Shortage,High,the lack of water supply is a grave public health issue please intervene immediately.
We have been completely without water for over two days; our reservoirs are bone dry.,Water Supply,Shortage,High,we have been completely without water for over two days our reservoirs are bone dry.
"This area has been grappling with irregular and scarce water for months, now it's zero.",Water Supply,Shortage,High,"this area has been grappling with irregular and scarce water for months, now its zero."
"No water for four consecutive days, this is an emergency, kindly prioritize our complaint.",Water Supply,Shortage,High,"no water for four consecutive days, this is an emergency, kindly prioritize our complaint."
"Our locality is experiencing an absolute absence of water, affecting hundreds of homes.",Water Supply,Shortage,High,"our locality is experiencing an absolute absence of water, affecting hundreds of homes."
"The water pressure is non-existent, making it impossible to even collect water.",Water Supply,Shortage,High,"the water pressure is nonexistent, making it impossible to even collect water."
We are facing a severe drinking water crisis due to no supply from the corporation.,Water Supply,Shortage,High,we are facing a severe drinking water crisis due to no supply from the corporation.
Please investigate and restore water supply immediately; our taps are completely dry.,Water Supply,Shortage,High,please investigate and restore water supply immediately our taps are completely dry.
The chronic water shortage in our area requires urgent and permanent solutions.,Water Supply,Shortage,High,the chronic water shortage in our area requires urgent and permanent solutions.
My family is struggling with no water for cooking or bathing for over three days.,Water Supply,Shortage,High,my family is struggling with no water for cooking or bathing for over three days.
"The situation is dire: zero water supply in our housing complex, please act fast.",Water Supply,Shortage,High,"the situation is dire zero water supply in our housing complex, please act fast."
Residents are desperate due to the complete lack of water supply for the past few days.,Water Supply,Shortage,High,residents are desperate due to the complete lack of water supply for the past few days.
"We have received no water for days, forcing us to spend heavily on private tankers.",Water Supply,Shortage,High,"we have received no water for days, forcing us to spend heavily on private tankers."
"The municipal water supply has completely failed in our block, causing great hardship.",Water Supply,Shortage,High,"the municipal water supply has completely failed in our block, causing great hardship."
"Our area has been experiencing an extreme water shortage, please provide a solution.",Water Supply,Shortage,High,"our area has been experiencing an extreme water shortage, please provide a solution."
"For a week, we've had no water supply, jeopardizing our health and well-being.",Water Supply,Shortage,High,"for a week, weve had no water supply, jeopardizing our health and wellbeing."
The water situation is critical; negligible supply making daily life impossible.,Water Supply,Shortage,High,the water situation is critical negligible supply making daily life impossible.
Urgent resolution needed for the prolonged water scarcity in our residential area.,Water Supply,Shortage,High,urgent resolution needed for the prolonged water scarcity in our residential area.
"Our taps are dry and there's no indication of water supply returning, help immediately.",Water Supply,Shortage,High,"our taps are dry and theres no indication of water supply returning, help immediately."
The community is suffering due to a complete cut-off of municipal water supply.,Water Supply,Shortage,High,the community is suffering due to a complete cutoff of municipal water supply.
"Water supply has ceased for the last 48 hours, creating an unbearable situation.",Water Supply,Shortage,High,"water supply has ceased for the last 48 hours, creating an unbearable situation."
"This is an appeal for urgent water restoration, our area is completely dry.",Water Supply,Shortage,High,"this is an appeal for urgent water restoration, our area is completely dry."
Critical lack of water affecting children and schools in our vicinity.,Water Supply,Shortage,High,critical lack of water affecting children and schools in our vicinity.
"We haven't had any water for bathing or cleaning for days, a serious health hazard.",Water Supply,Shortage,High,"we havent had any water for bathing or cleaning for days, a serious health hazard."
"The water crisis in our region needs immediate attention, residents are struggling.",Water Supply,Shortage,High,"the water crisis in our region needs immediate attention, residents are struggling."
Our area is experiencing a severe drought-like situation with no water supply.,Water Supply,Shortage,High,our area is experiencing a severe droughtlike situation with no water supply.
"Please intervene, our homes have been without water for a prolonged period.",Water Supply,Shortage,High,"please intervene, our homes have been without water for a prolonged period."
"The municipal water pipelines seem to be completely dry, no water flowing for days.",Water Supply,Shortage,High,"the municipal water pipelines seem to be completely dry, no water flowing for days."
"For the third consecutive day, our water taps are completely dry, we need help.",Water Supply,Shortage,High,"for the third consecutive day, our water taps are completely dry, we need help."
Residents are utterly frustrated with the lack of any water supply from the corporation.,Water Supply,Shortage,High,residents are utterly frustrated with the lack of any water supply from the corporation.
This grave water shortage is making it impossible for families to sustain daily life.,Water Supply,Shortage,High,this grave water shortage is making it impossible for families to sustain daily life.
"Our colony has no water at all, leading to significant inconvenience and distress.",Water Supply,Shortage,High,"our colony has no water at all, leading to significant inconvenience and distress."
We are begging for water supply; our area has been without it for too long.,Water Supply,Shortage,High,we are begging for water supply our area has been without it for too long.
The critical water deficit in our ward is impacting every household severely.,Water Supply,Shortage,High,the critical water deficit in our ward is impacting every household severely.
Urgent water supply is required; our community is facing an absolute dry spell.,Water Supply,Shortage,High,urgent water supply is required our community is facing an absolute dry spell.
"No water has come through our pipelines for days, a high priority concern.",Water Supply,Shortage,High,"no water has come through our pipelines for days, a high priority concern."
The persistent absence of water supply is causing widespread panic here.,Water Supply,Shortage,High,the persistent absence of water supply is causing widespread panic here.
Our residential area is in crisis due to the complete stoppage of water.,Water Supply,Shortage,High,our residential area is in crisis due to the complete stoppage of water.
Please dispatch water tankers or restore supply immediately; no water for days.,Water Supply,Shortage,High,please dispatch water tankers or restore supply immediately no water for days.
"We are enduring a severe water famine, affecting hundreds of families.",Water Supply,Shortage,High,"we are enduring a severe water famine, affecting hundreds of families."
"The water supply has completely vanished, posing a severe threat to public health.",Water Supply,Shortage,High,"the water supply has completely vanished, posing a severe threat to public health."
"Our neighbourhood is completely out of water, urgent action is needed to resolve this.",Water Supply,Shortage,High,"our neighbourhood is completely out of water, urgent action is needed to resolve this."
"For days, our water connections have yielded nothing, making life very hard.",Water Supply,Shortage,High,"for days, our water connections have yielded nothing, making life very hard."
The citizens here are suffering from a critical lack of essential water supply.,Water Supply,Shortage,High,the citizens here are suffering from a critical lack of essential water supply.
We need immediate water provision; our locality is completely dry and desperate.,Water Supply,Shortage,High,we need immediate water provision our locality is completely dry and desperate.
The situation is desperate; no water for essential needs for over 72 hours.,Water Supply,Shortage,High,the situation is desperate no water for essential needs for over 72 hours.
Our area is experiencing an extreme water shortage; please restore supply without delay.,Water Supply,Shortage,High,our area is experiencing an extreme water shortage please restore supply without delay.
A large pothole near the main entrance of R.K. Nagar is causing daily inconvenience for commuters.,Roads,Pothole,Medium,a large pothole near the main entrance of r.k. nagar is causing daily inconvenience for commuters.
The stretch of road outside D.A.V. School on Pratap Marg is riddled with dangerous potholes.,Roads,Pothole,Medium,the stretch of road outside d.a.v. school on pratap marg is riddled with dangerous potholes.
"Multiple potholes have developed on the road leading to the industrial area, causing vehicle damage.",Roads,Pothole,Medium,"multiple potholes have developed on the road leading to the industrial area, causing vehicle damage."
"There's a deep pothole on the intersection of Gandhi Road and Nehru Street, especially hazardous at night.",Roads,Pothole,Medium,"theres a deep pothole on the intersection of gandhi road and nehru street, especially hazardous at night."
The road in front of the community hall in Shakti Vihar needs immediate pothole repair.,Roads,Pothole,Medium,the road in front of the community hall in shakti vihar needs immediate pothole repair.
Potholes have made the entire route through Green Park colony almost undriveable.,Roads,Pothole,Medium,potholes have made the entire route through green park colony almost undriveable.
A significant pothole near the bus stop on Civil Lines is causing traffic bottlenecks.,Roads,Pothole,Medium,a significant pothole near the bus stop on civil lines is causing traffic bottlenecks.
The road opposite the Government Hospital has several potholes that fill with water during rain.,Roads,Pothole,Medium,the road opposite the government hospital has several potholes that fill with water during rain.
We request urgent attention to the large pothole near the old post office on Mall Road.,Roads,Pothole,Medium,we request urgent attention to the large pothole near the old post office on mall road.
The constant presence of potholes on Shiv Mandir Road is a hazard for two-wheelers.,Roads,Pothole,Medium,the constant presence of potholes on shiv mandir road is a hazard for twowheelers.
Potholes have reappeared on the newly repaired stretch of road in Indira Nagar.,Roads,Pothole,Medium,potholes have reappeared on the newly repaired stretch of road in indira nagar.
Residents of Saraswati Vihar are facing issues due to numerous potholes on their main access road.,Roads,Pothole,Medium,residents of saraswati vihar are facing issues due to numerous potholes on their main access road.
The road leading to the municipal market is in a deplorable state due to multiple potholes.,Roads,Pothole,Medium,the road leading to the municipal market is in a deplorable state due to multiple potholes.
A series of potholes on the bridge connecting Sector 10 and Sector 11 are causing slow traffic.,Roads,Pothole,Medium,a series of potholes on the bridge connecting sector 10 and sector 11 are causing slow traffic.
We are concerned about the growing size of the pothole near the Hanuman Temple on Residency Road.,Roads,Pothole,Medium,we are concerned about the growing size of the pothole near the hanuman temple on residency road.
The road outside the SBI bank branch on Station Road has a dangerous pothole.,Roads,Pothole,Medium,the road outside the sbi bank branch on station road has a dangerous pothole.
Potholes in front of the local police station are an embarrassment and a daily nuisance.,Roads,Pothole,Medium,potholes in front of the local police station are an embarrassment and a daily nuisance.
The stretch of road from the railway underpass to Krishna Colony is full of vehicle-damaging potholes.,Roads,Pothole,Medium,the stretch of road from the railway underpass to krishna colony is full of vehicledamaging potholes.
We request the filling of potholes on the internal roads of Shanti Nagar colony.,Roads,Pothole,Medium,we request the filling of potholes on the internal roads of shanti nagar colony.
There's a persistent pothole near the traffic signal at City Centre junction.,Roads,Pothole,Medium,theres a persistent pothole near the traffic signal at city centre junction.
The road leading to the public park in Model Town is badly damaged by potholes.,Roads,Pothole,Medium,the road leading to the public park in model town is badly damaged by potholes.
Deep potholes have formed on the road adjacent to the municipal school playground.,Roads,Pothole,Medium,deep potholes have formed on the road adjacent to the municipal school playground.
The entire bypass road needs immediate pothole repair before the monsoon season intensifies.,Roads,Pothole,Medium,the entire bypass road needs immediate pothole repair before the monsoon season intensifies.
Vehicles are constantly swerving to avoid a massive pothole near the fuel station on bypass road.,Roads,Pothole,Medium,vehicles are constantly swerving to avoid a massive pothole near the fuel station on bypass road.
"Potholes on the road connecting two major localities, causing discomfort and damage to vehicles.",Roads,Pothole,Medium,"potholes on the road connecting two major localities, causing discomfort and damage to vehicles."
The road surface near the water tank in Surya Vihar is completely broken with potholes.,Roads,Pothole,Medium,the road surface near the water tank in surya vihar is completely broken with potholes.
"We appeal for repair of potholes on the road leading to the industrial estate, affecting daily commute.",Roads,Pothole,Medium,"we appeal for repair of potholes on the road leading to the industrial estate, affecting daily commute."
Several small but deep potholes are present on the service lane along the main highway.,Roads,Pothole,Medium,several small but deep potholes are present on the service lane along the main highway.
"The entrance to our society, Rose Garden Apartments, is marked by a large, unavoidable pothole.",Roads,Pothole,Medium,"the entrance to our society, rose garden apartments, is marked by a large, unavoidable pothole."
"The road stretch in front of the district court complex is full of potholes, posing a risk to visitors.",Roads,Pothole,Medium,"the road stretch in front of the district court complex is full of potholes, posing a risk to visitors."
Potholes on the road near the community primary health center are a major concern.,Roads,Pothole,Medium,potholes on the road near the community primary health center are a major concern.
The main road through Gulmohar Colony is becoming increasingly dangerous due to numerous potholes.,Roads,Pothole,Medium,the main road through gulmohar colony is becoming increasingly dangerous due to numerous potholes.
We request action on the potholes causing severe jolts to vehicles on Vidhan Sabha Marg.,Roads,Pothole,Medium,we request action on the potholes causing severe jolts to vehicles on vidhan sabha marg.
"The stretch near the public library has deep potholes, often hidden by water during rains.",Roads,Pothole,Medium,"the stretch near the public library has deep potholes, often hidden by water during rains."
Residents are struggling with potholes on the road leading to the cremation ground.,Roads,Pothole,Medium,residents are struggling with potholes on the road leading to the cremation ground.
The internal roads of New Shakti Nagar are in dire need of pothole repair.,Roads,Pothole,Medium,the internal roads of new shakti nagar are in dire need of pothole repair.
A hazardous pothole has developed on the main arterial road leading out of the city.,Roads,Pothole,Medium,a hazardous pothole has developed on the main arterial road leading out of the city.
The road in front of the local market is unmotorable due to numerous potholes and uneven surface.,Roads,Pothole,Medium,the road in front of the local market is unmotorable due to numerous potholes and uneven surface.
Potholes near the public bus depot are causing delays and discomfort for passengers.,Roads,Pothole,Medium,potholes near the public bus depot are causing delays and discomfort for passengers.
We urge the municipal corporation to fix the potholes on the road connecting two villages within city limits.,Roads,Pothole,Medium,we urge the municipal corporation to fix the potholes on the road connecting two villages within city limits.
"The road outside the electricity board office has multiple potholes, making parking difficult.",Roads,Pothole,Medium,"the road outside the electricity board office has multiple potholes, making parking difficult."
"A large, car-swallowing pothole exists on the road opposite the District Collectorate.",Roads,Pothole,Medium,"a large, carswallowing pothole exists on the road opposite the district collectorate."
The persistent pothole near the fruit vendor's stall on Bapu Bazar Road needs immediate attention.,Roads,Pothole,Medium,the persistent pothole near the fruit vendors stall on bapu bazar road needs immediate attention.
"The road leading to the local government school is full of potholes, posing a risk to children.",Roads,Pothole,Medium,"the road leading to the local government school is full of potholes, posing a risk to children."
"Potholes have formed near the main drain on Canal Road, making driving treacherous.",Roads,Pothole,Medium,"potholes have formed near the main drain on canal road, making driving treacherous."
The stretch of road past the railway crossing towards the city center is badly damaged by potholes.,Roads,Pothole,Medium,the stretch of road past the railway crossing towards the city center is badly damaged by potholes.
We are facing severe issues with potholes on the road near the public park entrance.,Roads,Pothole,Medium,we are facing severe issues with potholes on the road near the public park entrance.
The road opposite the district hospital has several dangerous potholes that need repair.,Roads,Pothole,Medium,the road opposite the district hospital has several dangerous potholes that need repair.
Potholes on the road in front of the main temple are causing inconvenience to devotees.,Roads,Pothole,Medium,potholes on the road in front of the main temple are causing inconvenience to devotees.
"The road leading to the new housing complex is riddled with potholes, creating dust and danger.",Roads,Pothole,Medium,"the road leading to the new housing complex is riddled with potholes, creating dust and danger."
Multiple potholes have made the stretch near the local university campus very rough.,Roads,Pothole,Medium,multiple potholes have made the stretch near the local university campus very rough.
"The road from the bypass to the main city entrance is filled with deep potholes, damaging vehicle suspensions.",Roads,Pothole,Medium,"the road from the bypass to the main city entrance is filled with deep potholes, damaging vehicle suspensions."
We request prompt repair of the potholes on the approach road to the municipal water treatment plant.,Roads,Pothole,Medium,we request prompt repair of the potholes on the approach road to the municipal water treatment plant.
The entire length of the road in front of the government college is in a poor state due to potholes.,Roads,Pothole,Medium,the entire length of the road in front of the government college is in a poor state due to potholes.
Potholes are a constant problem on the road connecting various government offices.,Roads,Pothole,Medium,potholes are a constant problem on the road connecting various government offices.
"The road leading to the local stadium has numerous potholes, especially troublesome during events.",Roads,Pothole,Medium,"the road leading to the local stadium has numerous potholes, especially troublesome during events."
Residents are complaining about the poor condition of roads due to potholes in Adarsh Nagar.,Roads,Pothole,Medium,residents are complaining about the poor condition of roads due to potholes in adarsh nagar.
A deep pothole has developed on the main road intersection near the clock tower.,Roads,Pothole,Medium,a deep pothole has developed on the main road intersection near the clock tower.
"The road near the public garden is full of potholes, making evening walks and drives unpleasant.",Roads,Pothole,Medium,"the road near the public garden is full of potholes, making evening walks and drives unpleasant."
We urgently request pothole repair on the road outside the main commercial complex.,Roads,Pothole,Medium,we urgently request pothole repair on the road outside the main commercial complex.
The entire stretch of the old highway passing through the city limits is full of potholes.,Roads,Pothole,Medium,the entire stretch of the old highway passing through the city limits is full of potholes.
Potholes on the road leading to the new residential colony are causing daily vehicle damage.,Roads,Pothole,Medium,potholes on the road leading to the new residential colony are causing daily vehicle damage.
"The road segment in front of the community center is riddled with potholes, hindering access.",Roads,Pothole,Medium,"the road segment in front of the community center is riddled with potholes, hindering access."
We are concerned about the increasing number of potholes on the main market road.,Roads,Pothole,Medium,we are concerned about the increasing number of potholes on the main market road.
"The road near the public library has several potholes that gather rainwater, posing a hazard.",Roads,Pothole,Medium,"the road near the public library has several potholes that gather rainwater, posing a hazard."
Potholes have made the journey difficult on the road connecting the bus stand to the industrial zone.,Roads,Pothole,Medium,potholes have made the journey difficult on the road connecting the bus stand to the industrial zone.
"The road outside the children's hospital has deep potholes, causing discomfort to patients and visitors.",Roads,Pothole,Medium,"the road outside the childrens hospital has deep potholes, causing discomfort to patients and visitors."
We request attention to the persistent potholes on the road leading to the district court.,Roads,Pothole,Medium,we request attention to the persistent potholes on the road leading to the district court.
The stretch of road near the railway station entrance is severely damaged by potholes.,Roads,Pothole,Medium,the stretch of road near the railway station entrance is severely damaged by potholes.
Potholes on the approach road to the public school are a risk to children and their parents.,Roads,Pothole,Medium,potholes on the approach road to the public school are a risk to children and their parents.
"The road in front of the main bank branch has multiple potholes, causing traffic jams.",Roads,Pothole,Medium,"the road in front of the main bank branch has multiple potholes, causing traffic jams."
A growing pothole near the central park entrance is causing significant inconvenience.,Roads,Pothole,Medium,a growing pothole near the central park entrance is causing significant inconvenience.
The internal roads of our cooperative housing society are in a bad state due to numerous potholes.,Roads,Pothole,Medium,the internal roads of our cooperative housing society are in a bad state due to numerous potholes.
"We are facing issues with potholes on the road leading to the famous temple, especially during festivals.",Roads,Pothole,Medium,"we are facing issues with potholes on the road leading to the famous temple, especially during festivals."
The road connecting the old city area to the new developments is full of dangerous potholes.,Roads,Pothole,Medium,the road connecting the old city area to the new developments is full of dangerous potholes.
Potholes have made the drive along the riverfront road quite bumpy and hazardous.,Roads,Pothole,Medium,potholes have made the drive along the riverfront road quite bumpy and hazardous.
The main road passing through Ashok Vihar is deteriorating rapidly due to unchecked potholes.,Roads,Pothole,Medium,the main road passing through ashok vihar is deteriorating rapidly due to unchecked potholes.
A series of potholes on the uphill stretch of road near the city's viewpoint is dangerous.,Roads,Pothole,Medium,a series of potholes on the uphill stretch of road near the citys viewpoint is dangerous.
"We request immediate filling of potholes on the road adjacent to the public park, popular with joggers.",Roads,Pothole,Medium,"we request immediate filling of potholes on the road adjacent to the public park, popular with joggers."
The road leading to the municipal waste processing unit is heavily damaged by deep potholes.,Roads,Pothole,Medium,the road leading to the municipal waste processing unit is heavily damaged by deep potholes.
Numerous deep potholes on MG Road near the railway station are causing severe inconvenience to commuters.,Roads,Road Damage,Medium,numerous deep potholes on mg road near the railway station are causing severe inconvenience to commuters.
"The stretch of road in front of Saraswati School has developed large, hazardous potholes that pose a risk to children.",Roads,Road Damage,Medium,"the stretch of road in front of saraswati school has developed large, hazardous potholes that pose a risk to children."
Potholes on the lane connecting Sector 7 to the main highway are making daily commute extremely difficult for residents.,Roads,Road Damage,Medium,potholes on the lane connecting sector 7 to the main highway are making daily commute extremely difficult for residents.
"The entire road in Shanti Nagar, especially near the community park, is riddled with small, recurring potholes.",Roads,Road Damage,Medium,"the entire road in shanti nagar, especially near the community park, is riddled with small, recurring potholes."
A series of deep potholes near the bus stop on Patel Marg is frequently leading to two-wheeler accidents.,Roads,Road Damage,Medium,a series of deep potholes near the bus stop on patel marg is frequently leading to twowheeler accidents.
"The road leading to the municipal hospital has several large potholes, hindering emergency vehicle movement.",Roads,Road Damage,Medium,"the road leading to the municipal hospital has several large potholes, hindering emergency vehicle movement."
"Large potholes have appeared overnight on the bypass road near the new flyover, creating a sudden danger.",Roads,Road Damage,Medium,"large potholes have appeared overnight on the bypass road near the new flyover, creating a sudden danger."
The service road next to the commercial complex in Laxmi Market is severely damaged by numerous deep potholes.,Roads,Road Damage,Medium,the service road next to the commercial complex in laxmi market is severely damaged by numerous deep potholes.
Deep potholes on the main road passing through Ramakrishna Colony are damaging vehicle suspensions regularly.,Roads,Road Damage,Medium,deep potholes on the main road passing through ramakrishna colony are damaging vehicle suspensions regularly.
"The intersection of Gandhi Chowk and Nehru Street is notorious for its large, water-filled potholes after every rain.",Roads,Road Damage,Medium,"the intersection of gandhi chowk and nehru street is notorious for its large, waterfilled potholes after every rain."
"Severe alligator cracking has developed on the road surface near the old cinema hall, making it very bumpy.",Roads,Road Damage,Medium,"severe alligator cracking has developed on the road surface near the old cinema hall, making it very bumpy."
"The road from the district court to the collectorate office has extensive longitudinal cracks, trapping two-wheeler tires.",Roads,Road Damage,Medium,"the road from the district court to the collectorate office has extensive longitudinal cracks, trapping twowheeler tires."
"A significant section of pavement on Vivekananda Marg has settled unevenly, creating a major undulation hazard.",Roads,Road Damage,Medium,"a significant section of pavement on vivekananda marg has settled unevenly, creating a major undulation hazard."
"Transverse cracks are widespread on the road in front of the government degree college, causing constant jolts.",Roads,Road Damage,Medium,"transverse cracks are widespread on the road in front of the government degree college, causing constant jolts."
"The internal roads of Defence Colony are showing widespread spiderweb cracking, indicating surface deterioration.",Roads,Road Damage,Medium,"the internal roads of defence colony are showing widespread spiderweb cracking, indicating surface deterioration."
"The road near the wholesale market is extremely uneven due to repeated heavy vehicle traffic, creating a wavy surface.",Roads,Road Damage,Medium,"the road near the wholesale market is extremely uneven due to repeated heavy vehicle traffic, creating a wavy surface."
"A large patch of road on the industrial estate approach has disintegrated, leaving a rough, gravelly surface.",Roads,Road Damage,Medium,"a large patch of road on the industrial estate approach has disintegrated, leaving a rough, gravelly surface."
"The road surface along the canal bank road is severely cracked and broken, with loose debris scattering everywhere.",Roads,Road Damage,Medium,"the road surface along the canal bank road is severely cracked and broken, with loose debris scattering everywhere."
"Uneven settlement has occurred on the road near the newly constructed bridge, causing vehicles to swerve unexpectedly.",Roads,Road Damage,Medium,"uneven settlement has occurred on the road near the newly constructed bridge, causing vehicles to swerve unexpectedly."
The pavement on the main street of Gulmohar Park has numerous hairline cracks that are rapidly widening.,Roads,Road Damage,Medium,the pavement on the main street of gulmohar park has numerous hairline cracks that are rapidly widening.
"The speed breaker near DPS school is completely broken, exposing sharp edges and causing vehicle damage.",Roads,Road Damage,Medium,"the speed breaker near dps school is completely broken, exposing sharp edges and causing vehicle damage."
Poor drainage combined with a damaged road surface is causing chronic waterlogging on Circular Road near the underpass.,Roads,Road Damage,Medium,poor drainage combined with a damaged road surface is causing chronic waterlogging on circular road near the underpass.
"The edge of the road near the river bridge has completely eroded, making the lane narrower and dangerous.",Roads,Road Damage,Medium,"the edge of the road near the river bridge has completely eroded, making the lane narrower and dangerous."
"A portion of the road near the public garden has sunken significantly, forming a large dip that is hard to see at night.",Roads,Road Damage,Medium,"a portion of the road near the public garden has sunken significantly, forming a large dip that is hard to see at night."
"Several manhole covers on the street in Shivaji Nagar are either missing or badly dislodged, posing a fall risk.",Roads,Road Damage,Medium,"several manhole covers on the street in shivaji nagar are either missing or badly dislodged, posing a fall risk."
Exposed utility pipes and cables are protruding from a damaged section of road on the lane behind the SBI bank.,Roads,Road Damage,Medium,exposed utility pipes and cables are protruding from a damaged section of road on the lane behind the sbi bank.
"Loose gravel and construction debris are constantly present on the road leading to the new housing society, causing skidding.",Roads,Road Damage,Medium,"loose gravel and construction debris are constantly present on the road leading to the new housing society, causing skidding."
"The footpath-level approach to several shops in the main market area is severely damaged, impeding pedestrian access.",Roads,Road Damage,Medium,"the footpathlevel approach to several shops in the main market area is severely damaged, impeding pedestrian access."
A significant section of the road in front of the petrol pump on Highway 44 has completely crumbled.,Roads,Road Damage,Medium,a significant section of the road in front of the petrol pump on highway 44 has completely crumbled.
"The asphalt layer on the road in Sanjay Colony is peeling off in large chunks, leaving a very rough surface.",Roads,Road Damage,Medium,"the asphalt layer on the road in sanjay colony is peeling off in large chunks, leaving a very rough surface."
Commuters on the road parallel to the metro line are experiencing frequent tyre punctures due to sharp road damage.,Roads,Road Damage,Medium,commuters on the road parallel to the metro line are experiencing frequent tyre punctures due to sharp road damage.
The deplorable condition of the road in Anandpuri is causing severe jerking and back problems for daily travelers.,Roads,Road Damage,Medium,the deplorable condition of the road in anandpuri is causing severe jerking and back problems for daily travelers.
"Requesting immediate repair of the road connecting the villages of Rampur and Khetwadi, which is severely broken in multiple spots.",Roads,Road Damage,Medium,"requesting immediate repair of the road connecting the villages of rampur and khetwadi, which is severely broken in multiple spots."
"The stretch of road passing through the vegetable market is completely worn out, making it difficult for vendors and shoppers.",Roads,Road Damage,Medium,"the stretch of road passing through the vegetable market is completely worn out, making it difficult for vendors and shoppers."
"The main entrance road to the government polytechnic college is riddled with potholes and uneven patches, creating a poor impression.",Roads,Road Damage,Medium,"the main entrance road to the government polytechnic college is riddled with potholes and uneven patches, creating a poor impression."
Daily traffic jams are worsening on City Centre Road due to drivers constantly dodging severe road damage.,Roads,Road Damage,Medium,daily traffic jams are worsening on city centre road due to drivers constantly dodging severe road damage.
"Pedestrians are facing a serious tripping hazard on the road near the community hall due to a large, broken patch.",Roads,Road Damage,Medium,"pedestrians are facing a serious tripping hazard on the road near the community hall due to a large, broken patch."
"The road surface on the hill slope near the temple is disintegrating, leading to stones and gravel sliding onto the path below.",Roads,Road Damage,Medium,"the road surface on the hill slope near the temple is disintegrating, leading to stones and gravel sliding onto the path below."
Drivers are constantly damaging their vehicle undercarriages on the extremely uneven road in front of the local police station.,Roads,Road Damage,Medium,drivers are constantly damaging their vehicle undercarriages on the extremely uneven road in front of the local police station.
The road connecting the old city gate to the new commercial complex is in a terrible state with deep ruts and cracks.,Roads,Road Damage,Medium,the road connecting the old city gate to the new commercial complex is in a terrible state with deep ruts and cracks.
"A large depression has formed on the road near the government school, collecting water and becoming a breeding ground for mosquitoes.",Roads,Road Damage,Medium,"a large depression has formed on the road near the government school, collecting water and becoming a breeding ground for mosquitoes."
The newly laid road in Indraprastha Colony has already developed significant cracks and undulations within months.,Roads,Road Damage,Medium,the newly laid road in indraprastha colony has already developed significant cracks and undulations within months.
"Road shoulders on the stretch near the industrial park are completely washed away, narrowing the effective road width.",Roads,Road Damage,Medium,"road shoulders on the stretch near the industrial park are completely washed away, narrowing the effective road width."
Severe chipping and fretting are evident on the main road through the residential area of Adarsh Nagar.,Roads,Road Damage,Medium,severe chipping and fretting are evident on the main road through the residential area of adarsh nagar.
"The road leading to the district hospital has developed significant rutting, making it difficult for small vehicles.",Roads,Road Damage,Medium,"the road leading to the district hospital has developed significant rutting, making it difficult for small vehicles."
"A section of the main arterial road near the university campus has large, exposed aggregate, causing noisy travel.",Roads,Road Damage,Medium,"a section of the main arterial road near the university campus has large, exposed aggregate, causing noisy travel."
"The condition of the road from the bus stand to the market area is extremely poor, covered in broken asphalt and gravel.",Roads,Road Damage,Medium,"the condition of the road from the bus stand to the market area is extremely poor, covered in broken asphalt and gravel."
"The road in Vaishali Nagar, particularly near the children's park, has numerous small but sharp potholes that damage tyres.",Roads,Road Damage,Medium,"the road in vaishali nagar, particularly near the childrens park, has numerous small but sharp potholes that damage tyres."
The entire lane behind the municipal corporation office is fragmented with broken patches and loose stones.,Roads,Road Damage,Medium,the entire lane behind the municipal corporation office is fragmented with broken patches and loose stones.
Drivers are forced to slow down drastically on the road leading to the cremation ground due to its severely damaged surface.,Roads,Road Damage,Medium,drivers are forced to slow down drastically on the road leading to the cremation ground due to its severely damaged surface.
"The access road to the public library is heavily pockmarked with multiple small, sharp potholes.",Roads,Road Damage,Medium,"the access road to the public library is heavily pockmarked with multiple small, sharp potholes."
The road surface on the bridge connecting the east and west sectors of the city has severe fatigue cracking.,Roads,Road Damage,Medium,the road surface on the bridge connecting the east and west sectors of the city has severe fatigue cracking.
"Large chunks of the road have come loose near the commercial complex parking exit, creating a debris field.",Roads,Road Damage,Medium,"large chunks of the road have come loose near the commercial complex parking exit, creating a debris field."
"The road in front of the city's main post office is showing severe ravelling, with loose material constantly dislodging.",Roads,Road Damage,Medium,"the road in front of the citys main post office is showing severe ravelling, with loose material constantly dislodging."
The junction near the traffic signal at Krishna Nagar is heavily rutted due to continuous braking and acceleration.,Roads,Road Damage,Medium,the junction near the traffic signal at krishna nagar is heavily rutted due to continuous braking and acceleration.
"The interior roads of the municipal colony are severely neglected, with numerous potholes and uneven patches everywhere.",Roads,Road Damage,Medium,"the interior roads of the municipal colony are severely neglected, with numerous potholes and uneven patches everywhere."
"A large section of the road near the sewage treatment plant has developed a significant heave, making it a bump.",Roads,Road Damage,Medium,"a large section of the road near the sewage treatment plant has developed a significant heave, making it a bump."
"The road leading to the government ration shop is filled with deep trenches and broken edges, making it inaccessible for some.",Roads,Road Damage,Medium,"the road leading to the government ration shop is filled with deep trenches and broken edges, making it inaccessible for some."
The entire road stretch along the railway track crossing is severely damaged with broken concrete and exposed rebar.,Roads,Road Damage,Medium,the entire road stretch along the railway track crossing is severely damaged with broken concrete and exposed rebar.
"The road in front of the local temple is experiencing significant bleeding and flushing, making it slippery and sticky.",Roads,Road Damage,Medium,"the road in front of the local temple is experiencing significant bleeding and flushing, making it slippery and sticky."
"The temporary repair work on the road near the old fort has completely failed, leaving large, deeper holes than before.",Roads,Road Damage,Medium,"the temporary repair work on the road near the old fort has completely failed, leaving large, deeper holes than before."
Heavy vehicles are struggling on the road leading to the stone quarry due to extreme corrugation and washboarding.,Roads,Road Damage,Medium,heavy vehicles are struggling on the road leading to the stone quarry due to extreme corrugation and washboarding.
"The road surface near the public health center has developed widespread map cracking, indicating underlying issues.",Roads,Road Damage,Medium,"the road surface near the public health center has developed widespread map cracking, indicating underlying issues."
"Severe edge drop-offs have formed on the road leading out of the city towards the rural areas, posing a hazard.",Roads,Road Damage,Medium,"severe edge dropoffs have formed on the road leading out of the city towards the rural areas, posing a hazard."
"The road in front of the community swimming pool is disintegrating into a dusty, broken mess.",Roads,Road Damage,Medium,"the road in front of the community swimming pool is disintegrating into a dusty, broken mess."
Pedestrians frequently trip on the broken and uneven pavement sections on the road near the main market.,Roads,Road Damage,Medium,pedestrians frequently trip on the broken and uneven pavement sections on the road near the main market.
"The road stretch after the level crossing has numerous utility cuts that were poorly backfilled, now creating bumps and depressions.",Roads,Road Damage,Medium,"the road stretch after the level crossing has numerous utility cuts that were poorly backfilled, now creating bumps and depressions."
Requesting urgent attention to the road surface near the primary health centre which is breaking up into large loose slabs.,Roads,Road Damage,Medium,requesting urgent attention to the road surface near the primary health centre which is breaking up into large loose slabs.
"The road in Dwarka Puri is suffering from extensive spalling, with pieces of concrete breaking away constantly.",Roads,Road Damage,Medium,"the road in dwarka puri is suffering from extensive spalling, with pieces of concrete breaking away constantly."
The road leading to the city's main park entrance has developed a prominent hump due to underlying ground movement.,Roads,Road Damage,Medium,the road leading to the citys main park entrance has developed a prominent hump due to underlying ground movement.
"The section of road near the metro pillar has developed a very sharp, angular depression, dangerous for two-wheelers.",Roads,Road Damage,Medium,"the section of road near the metro pillar has developed a very sharp, angular depression, dangerous for twowheelers."
Persistent waterlogging on the road in front of the municipal school is eroding the already damaged surface further.,Roads,Road Damage,Medium,persistent waterlogging on the road in front of the municipal school is eroding the already damaged surface further.
"The service lane next to the elevated highway is completely broken in parts, making it hazardous for local traffic.",Roads,Road Damage,Medium,"the service lane next to the elevated highway is completely broken in parts, making it hazardous for local traffic."
"A large, unaddressed pothole on the turn near the police headquarters is a daily source of near-accidents.",Roads,Road Damage,Medium,"a large, unaddressed pothole on the turn near the police headquarters is a daily source of nearaccidents."
"The road leading to the local market is riddled with small, sharp stones from a deteriorating surface, causing punctures.",Roads,Road Damage,Medium,"the road leading to the local market is riddled with small, sharp stones from a deteriorating surface, causing punctures."
Please address the crumbling edges of the road on the approach to the city's main bridge.,Roads,Road Damage,Medium,please address the crumbling edges of the road on the approach to the citys main bridge.
The road in Saraswati Vihar is severely damaged with numerous patches of exposed gravel and worn-out asphalt.,Roads,Road Damage,Medium,the road in saraswati vihar is severely damaged with numerous patches of exposed gravel and wornout asphalt.
Commuting through the residential lanes of Ashok Nagar is a nightmare due to the extensive damage and unevenness of the roads.,Roads,Road Damage,Medium,commuting through the residential lanes of ashok nagar is a nightmare due to the extensive damage and unevenness of the roads.
"The road surface in front of the cooperative bank has fractured extensively, creating a very rough and noisy ride.",Roads,Road Damage,Medium,"the road surface in front of the cooperative bank has fractured extensively, creating a very rough and noisy ride."
"Urgent repair is needed for the section of road near the public bus depot, which has multiple deep ruts and potholes.",Roads,Road Damage,Medium,"urgent repair is needed for the section of road near the public bus depot, which has multiple deep ruts and potholes."
No electricity in our area for over 3 hours now. Please restore urgently.,Electricity,Power Cut,High,no electricity in our area for over 3 hours now. please restore urgently.
"Continuous power cut since morning, making it impossible to work from home.",Electricity,Power Cut,High,"continuous power cut since morning, making it impossible to work from home."
Frequent power failures are disrupting my child's online classes for exams.,Electricity,Power Cut,High,frequent power failures are disrupting my childs online classes for exams.
"The entire Sector 15 is without power, children and elderly are suffering in this heat.",Electricity,Power Cut,High,"the entire sector 15 is without power, children and elderly are suffering in this heat."
"Our water pump relies on electricity, and we've had no water due to the power cut since noon.",Electricity,Power Cut,High,"our water pump relies on electricity, and weve had no water due to the power cut since noon."
Power has been out for nearly 5 hours; my medical equipment needs power. This is critical.,Electricity,Power Cut,High,power has been out for nearly 5 hours my medical equipment needs power. this is critical.
"Unscheduled power cut during peak evening hours, causing immense inconvenience.",Electricity,Power Cut,High,"unscheduled power cut during peak evening hours, causing immense inconvenience."
"We are experiencing intermittent power supply, damaging appliances.",Electricity,Power Cut,High,"we are experiencing intermittent power supply, damaging appliances."
Please attend to the prolonged power outage in Krishna Nagar immediately.,Electricity,Power Cut,High,please attend to the prolonged power outage in krishna nagar immediately.
It's pitch dark and unsafe due to a power cut that started at 7 PM.,Electricity,Power Cut,High,its pitch dark and unsafe due to a power cut that started at 7 pm.
My refrigerator's contents are spoiling because of the persistent power failure.,Electricity,Power Cut,High,my refrigerators contents are spoiling because of the persistent power failure.
Students are unable to study for exams with no electricity.,Electricity,Power Cut,High,students are unable to study for exams with no electricity.
Why is there a sudden power cut without any prior notice in Gandhi Colony?,Electricity,Power Cut,High,why is there a sudden power cut without any prior notice in gandhi colony?
Business operations are severely affected by the ongoing power outage.,Electricity,Power Cut,High,business operations are severely affected by the ongoing power outage.
This is the third power cut today; the supply is highly unreliable.,Electricity,Power Cut,High,this is the third power cut today the supply is highly unreliable.
Immediate attention required for power restoration in Vikas Puri.,Electricity,Power Cut,High,immediate attention required for power restoration in vikas puri.
The power has been fluctuating wildly before going completely out.,Electricity,Power Cut,High,the power has been fluctuating wildly before going completely out.
It's extremely hot with no fans or AC due to the power cut since afternoon.,Electricity,Power Cut,High,its extremely hot with no fans or ac due to the power cut since afternoon.
We are tired of daily power cuts; need a permanent solution.,Electricity,Power Cut,High,we are tired of daily power cuts need a permanent solution.
Elderly parents are struggling with the heat due to a power cut at night.,Electricity,Power Cut,High,elderly parents are struggling with the heat due to a power cut at night.
A sudden power cut has left our entire building in darkness; highly inconvenient for residents.,Electricity,Power Cut,High,a sudden power cut has left our entire building in darkness highly inconvenient for residents.
Reporting a complete power failure in the Ganesh Vihar locality. Urgent action needed.,Electricity,Power Cut,High,reporting a complete power failure in the ganesh vihar locality. urgent action needed.
My home office setup is useless without power; please restore electricity quickly.,Electricity,Power Cut,High,my home office setup is useless without power please restore electricity quickly.
The consistent power cuts every day are making life unbearable during summer.,Electricity,Power Cut,High,the consistent power cuts every day are making life unbearable during summer.
We've been without electricity for over 6 hours; please provide an estimated time of restoration.,Electricity,Power Cut,High,weve been without electricity for over 6 hours please provide an estimated time of restoration.
Security cameras are down due to the power outage; concerned about safety.,Electricity,Power Cut,High,security cameras are down due to the power outage concerned about safety.
The power went out just as my daughter was taking an important online exam. This is unacceptable.,Electricity,Power Cut,High,the power went out just as my daughter was taking an important online exam. this is unacceptable.
Frequent short power cuts are more annoying than a long one; it affects all electronics.,Electricity,Power Cut,High,frequent short power cuts are more annoying than a long one it affects all electronics.
We've had no power since 10 PM last night. This is a nightmare in this humidity.,Electricity,Power Cut,High,weve had no power since 10 pm last night. this is a nightmare in this humidity.
"The entire street light system is off due to the power cut, making roads unsafe.",Electricity,Power Cut,High,"the entire street light system is off due to the power cut, making roads unsafe."
Food items in the freezer are at risk of thawing due to the long power cut.,Electricity,Power Cut,High,food items in the freezer are at risk of thawing due to the long power cut.
Is there any maintenance going on? Because we have no power without prior intimation.,Electricity,Power Cut,High,is there any maintenance going on? because we have no power without prior intimation.
My infant child is distressed due to the heat and lack of power for the fan.,Electricity,Power Cut,High,my infant child is distressed due to the heat and lack of power for the fan.
This prolonged blackout in Sector 23 is affecting everyone's daily routine.,Electricity,Power Cut,High,this prolonged blackout in sector 23 is affecting everyones daily routine.
Our society's water tanks are empty as the motor can't run without electricity.,Electricity,Power Cut,High,our societys water tanks are empty as the motor cant run without electricity.
We are facing severe issues due to the erratic and unannounced power outages.,Electricity,Power Cut,High,we are facing severe issues due to the erratic and unannounced power outages.
"The local market is completely dark, affecting small businesses due to the power cut.",Electricity,Power Cut,High,"the local market is completely dark, affecting small businesses due to the power cut."
Emergency contact numbers for electricity department are not reachable during this outage.,Electricity,Power Cut,High,emergency contact numbers for electricity department are not reachable during this outage.
When will the power be restored in our area? It's been out for hours.,Electricity,Power Cut,High,when will the power be restored in our area? its been out for hours.
"We pay our bills on time, yet suffer from such poor electricity supply.",Electricity,Power Cut,High,"we pay our bills on time, yet suffer from such poor electricity supply."
"Another day, another unscheduled power cut. Please address the root cause.",Electricity,Power Cut,High,"another day, another unscheduled power cut. please address the root cause."
"My internet router is down due to the power cut, affecting crucial online meetings.",Electricity,Power Cut,High,"my internet router is down due to the power cut, affecting crucial online meetings."
"The lack of power is causing immense discomfort to my elderly, bedridden mother.",Electricity,Power Cut,High,"the lack of power is causing immense discomfort to my elderly, bedridden mother."
The whole building complex on MG Road has lost power. We need immediate assistance.,Electricity,Power Cut,High,the whole building complex on mg road has lost power. we need immediate assistance.
"It's been over four hours and still no electricity. What's the status, please?",Electricity,Power Cut,High,"its been over four hours and still no electricity. whats the status, please?"
Frequent voltage fluctuations followed by a complete blackout. Concerned about appliance damage.,Electricity,Power Cut,High,frequent voltage fluctuations followed by a complete blackout. concerned about appliance damage.
How can students prepare for board exams with such unreliable power supply at night?,Electricity,Power Cut,High,how can students prepare for board exams with such unreliable power supply at night?
"The power outage has coincided with dinner time, making cooking impossible.",Electricity,Power Cut,High,"the power outage has coincided with dinner time, making cooking impossible."
Our community hall function has been disrupted by the sudden power failure.,Electricity,Power Cut,High,our community hall function has been disrupted by the sudden power failure.
This is the fourth major power cut this month in Indirapuram. What are you doing?,Electricity,Power Cut,High,this is the fourth major power cut this month in indirapuram. what are you doing?
Kindly restore power to our locality; the heat is becoming unbearable indoors.,Electricity,Power Cut,High,kindly restore power to our locality the heat is becoming unbearable indoors.
The constant on-off of electricity is ruining our electronic devices.,Electricity,Power Cut,High,the constant onoff of electricity is ruining our electronic devices.
"My home inverter has run out of charge, and the main power is still out.",Electricity,Power Cut,High,"my home inverter has run out of charge, and the main power is still out."
Please send a team to investigate the persistent power cuts in our colony.,Electricity,Power Cut,High,please send a team to investigate the persistent power cuts in our colony.
"We haven't had a stable power supply for days, but today's outage is the longest yet.",Electricity,Power Cut,High,"we havent had a stable power supply for days, but todays outage is the longest yet."
The lack of power is impacting my ability to run my small tailoring business from home.,Electricity,Power Cut,High,the lack of power is impacting my ability to run my small tailoring business from home.
It's shocking to have such a long power cut without any prior notification or explanation.,Electricity,Power Cut,High,its shocking to have such a long power cut without any prior notification or explanation.
My toddler is getting cranky and restless due to the power cut and heat.,Electricity,Power Cut,High,my toddler is getting cranky and restless due to the power cut and heat.
We woke up to no power this morning and it's still out. Please provide an update.,Electricity,Power Cut,High,we woke up to no power this morning and its still out. please provide an update.
"The power cut has disabled our building's lift, trapping some residents inside.",Electricity,Power Cut,High,"the power cut has disabled our buildings lift, trapping some residents inside."
Is there a major fault? Power has been out since early afternoon in our sector.,Electricity,Power Cut,High,is there a major fault? power has been out since early afternoon in our sector.
This intermittent power supply is making everyone frustrated; resolve it quickly.,Electricity,Power Cut,High,this intermittent power supply is making everyone frustrated resolve it quickly.
"My UPS battery is dead, and the main power cut is still ongoing. Urgent help needed.",Electricity,Power Cut,High,"my ups battery is dead, and the main power cut is still ongoing. urgent help needed."
We are facing a complete blackout in our residential society. Please look into it.,Electricity,Power Cut,High,we are facing a complete blackout in our residential society. please look into it.
The power has been out for more than 7 hours now. This is unacceptable service.,Electricity,Power Cut,High,the power has been out for more than 7 hours now. this is unacceptable service.
I cannot charge my phone to contact family due to this prolonged power cut.,Electricity,Power Cut,High,i cannot charge my phone to contact family due to this prolonged power cut.
The severe heatwave combined with no power is a humanitarian concern.,Electricity,Power Cut,High,the severe heatwave combined with no power is a humanitarian concern.
Another power cut during working hours. Our productivity is severely affected.,Electricity,Power Cut,High,another power cut during working hours. our productivity is severely affected.
This isn't just a power cut; it's a disruption to our entire daily life.,Electricity,Power Cut,High,this isnt just a power cut its a disruption to our entire daily life.
"My medical device requires constant power, and it's been off for too long.",Electricity,Power Cut,High,"my medical device requires constant power, and its been off for too long."
Please prioritize the restoration of power in our densely populated area.,Electricity,Power Cut,High,please prioritize the restoration of power in our densely populated area.
We are unable to access water due to the power cut affecting our borewell pump.,Electricity,Power Cut,High,we are unable to access water due to the power cut affecting our borewell pump.
The frequent power outages are causing significant financial losses to local shops.,Electricity,Power Cut,High,the frequent power outages are causing significant financial losses to local shops.
It's past midnight and still no power in our apartment. When will it be back?,Electricity,Power Cut,High,its past midnight and still no power in our apartment. when will it be back?
"The streetlights are also off, making it very risky to walk around at night.",Electricity,Power Cut,High,"the streetlights are also off, making it very risky to walk around at night."
Our kids cannot sleep because of the heat and darkness caused by the power cut.,Electricity,Power Cut,High,our kids cannot sleep because of the heat and darkness caused by the power cut.
The unexpected power failure has forced us to stop all household chores.,Electricity,Power Cut,High,the unexpected power failure has forced us to stop all household chores.
What is the reason for this sudden and long-lasting power cut in Sector 4?,Electricity,Power Cut,High,what is the reason for this sudden and longlasting power cut in sector 4?
"Our area is experiencing a complete blackout, not just a localized issue.",Electricity,Power Cut,High,"our area is experiencing a complete blackout, not just a localized issue."
It's simply inhumane to have such long power cuts in this extreme weather.,Electricity,Power Cut,High,its simply inhumane to have such long power cuts in this extreme weather.
The community dustbin at Sector 3 is overflowing with household waste.,Sanitation,Garbage,Low,the community dustbin at sector 3 is overflowing with household waste.
Garbage collection has been inconsistent in Pratap Nagar Lane 5 for the past week.,Sanitation,Garbage,Low,garbage collection has been inconsistent in pratap nagar lane 5 for the past week.
Small piles of dry leaves are accumulating near the park entrance on Residency Road.,Sanitation,Garbage,Low,small piles of dry leaves are accumulating near the park entrance on residency road.
The sweepers are not clearing the corners of Gandhi Chowk properly; debris remains.,Sanitation,Garbage,Low,the sweepers are not clearing the corners of gandhi chowk properly debris remains.
"Our street's household garbage was not collected today, despite being the scheduled day.",Sanitation,Garbage,Low,"our streets household garbage was not collected today, despite being the scheduled day."
A small amount of plastic waste is scattered daily near the local tea stall.,Sanitation,Garbage,Low,a small amount of plastic waste is scattered daily near the local tea stall.
The public bin near the bus stop on MG Road hasn't been emptied in two days.,Sanitation,Garbage,Low,the public bin near the bus stop on mg road hasnt been emptied in two days.
Stray dogs are frequently tearing open garbage bags left outside homes in Arya Colony.,Sanitation,Garbage,Low,stray dogs are frequently tearing open garbage bags left outside homes in arya colony.
"There's a persistent mild smell near the vacant plot adjacent to Plot No. 12, due to minor dumping.",Sanitation,Garbage,Low,"theres a persistent mild smell near the vacant plot adjacent to plot no. 12, due to minor dumping."
The sweepers often just gather the waste into small heaps and leave them on Tilak Marg.,Sanitation,Garbage,Low,the sweepers often just gather the waste into small heaps and leave them on tilak marg.
"My lane (Lane 7, Krishna Vihar) was completely skipped during the morning collection.",Sanitation,Garbage,Low,"my lane lane 7, krishna vihar was completely skipped during the morning collection."
Small pieces of paper and food wrappers are littering the pathway outside the market.,Sanitation,Garbage,Low,small pieces of paper and food wrappers are littering the pathway outside the market.
The dustbin outside Shop No. 5 in the main market is constantly overflowing onto the pavement.,Sanitation,Garbage,Low,the dustbin outside shop no. 5 in the main market is constantly overflowing onto the pavement.
Residents are throwing small amounts of kitchen waste on the footpath near the school gate.,Sanitation,Garbage,Low,residents are throwing small amounts of kitchen waste on the footpath near the school gate.
"The garbage truck usually comes at 8 AM, but it's been coming unpredictably late this week.",Sanitation,Garbage,Low,"the garbage truck usually comes at 8 am, but its been coming unpredictably late this week."
A small accumulation of general waste has started in the alley behind Rattan Singh Apartments.,Sanitation,Garbage,Low,a small accumulation of general waste has started in the alley behind rattan singh apartments.
The public dustbin at the corner of Nehru Street is damaged and spilling its contents.,Sanitation,Garbage,Low,the public dustbin at the corner of nehru street is damaged and spilling its contents.
"Sweeping activity in Prem Nagar seems superficial, leaving behind fine dust and small debris.",Sanitation,Garbage,Low,"sweeping activity in prem nagar seems superficial, leaving behind fine dust and small debris."
"Garden waste (small branches, leaves) is being dumped near the community park's back gate.",Sanitation,Garbage,Low,"garden waste small branches, leaves is being dumped near the community parks back gate."
The area around the electric pole near House No. 23 is becoming a small dumping spot for packaging.,Sanitation,Garbage,Low,the area around the electric pole near house no. 23 is becoming a small dumping spot for packaging.
The municipal bin near the railway station entrance is frequently overflowing during evening hours.,Sanitation,Garbage,Low,the municipal bin near the railway station entrance is frequently overflowing during evening hours.
Collection staff often leave a few bags behind in Shivpuri when emptying bins.,Sanitation,Garbage,Low,collection staff often leave a few bags behind in shivpuri when emptying bins.
"There's a small pile of construction debris (bricks, cement bags) near the new building site on Main Street.",Sanitation,Garbage,Low,"theres a small pile of construction debris bricks, cement bags near the new building site on main street."
The open drain in front of House No. 45 has small garbage items accumulating near its edge.,Sanitation,Garbage,Low,the open drain in front of house no. 45 has small garbage items accumulating near its edge.
"No dustbin is provided near the children's play area in the local park, leading to litter.",Sanitation,Garbage,Low,"no dustbin is provided near the childrens play area in the local park, leading to litter."
Residents from the nearby apartments often throw small trash items onto the vacant land.,Sanitation,Garbage,Low,residents from the nearby apartments often throw small trash items onto the vacant land.
The area under the flyover often has small amounts of scattered paper and plastic.,Sanitation,Garbage,Low,the area under the flyover often has small amounts of scattered paper and plastic.
The street sweeper simply pushes the dirt and leaves into small mounds and leaves them.,Sanitation,Garbage,Low,the street sweeper simply pushes the dirt and leaves into small mounds and leaves them.
A consistent mild foul smell originates from the community dustbin in Gautam Nagar.,Sanitation,Garbage,Low,a consistent mild foul smell originates from the community dustbin in gautam nagar.
Small household garbage bags are being left outside shops after closing hours.,Sanitation,Garbage,Low,small household garbage bags are being left outside shops after closing hours.
"The daily street sweeping in Subhash Colony appears to be incomplete, missing spots.",Sanitation,Garbage,Low,"the daily street sweeping in subhash colony appears to be incomplete, missing spots."
"The bin near the local temple always seems to be full, even after collection.",Sanitation,Garbage,Low,"the bin near the local temple always seems to be full, even after collection."
There's an increase in flies around the small garbage pile at the end of Kailashpuri Lane 2.,Sanitation,Garbage,Low,theres an increase in flies around the small garbage pile at the end of kailashpuri lane 2.
Small amounts of vegetable waste from local vendors are left on the road near the market exit.,Sanitation,Garbage,Low,small amounts of vegetable waste from local vendors are left on the road near the market exit.
The area around the public tap in Hari Nagar is becoming unkempt due to minor refuse.,Sanitation,Garbage,Low,the area around the public tap in hari nagar is becoming unkempt due to minor refuse.
"Our lane's (Lane 4, Green Valley) waste collection was partially done, leaving several bags.",Sanitation,Garbage,Low,"our lanes lane 4, green valley waste collection was partially done, leaving several bags."
Stray cattle often scatter the contents of roadside bins in Vidya Nagar.,Sanitation,Garbage,Low,stray cattle often scatter the contents of roadside bins in vidya nagar.
Small piles of general waste are accumulating near the transformer box on Model Town Road.,Sanitation,Garbage,Low,small piles of general waste are accumulating near the transformer box on model town road.
The sweepers are not properly cleaning the footpaths in front of the shopping complex.,Sanitation,Garbage,Low,the sweepers are not properly cleaning the footpaths in front of the shopping complex.
"The public bin near the auto stand is often overflowing by noon, causing minor inconvenience.",Sanitation,Garbage,Low,"the public bin near the auto stand is often overflowing by noon, causing minor inconvenience."
Small domestic waste items are frequently found scattered along the boundary wall of our society.,Sanitation,Garbage,Low,small domestic waste items are frequently found scattered along the boundary wall of our society.
The garbage collection vehicle often skips collecting waste from the very end of our street.,Sanitation,Garbage,Low,the garbage collection vehicle often skips collecting waste from the very end of our street.
A neighbour is consistently placing a small bag of waste outside their house for extended periods.,Sanitation,Garbage,Low,a neighbour is consistently placing a small bag of waste outside their house for extended periods.
The public dustbin in front of the bakery has been full for over 24 hours.,Sanitation,Garbage,Low,the public dustbin in front of the bakery has been full for over 24 hours.
"The sweepers are missing the area directly under the trees, where leaves pile up.",Sanitation,Garbage,Low,"the sweepers are missing the area directly under the trees, where leaves pile up."
"There's a minor accumulation of dry waste (paper, plastic bottles) near the unused public telephone booth.",Sanitation,Garbage,Low,"theres a minor accumulation of dry waste paper, plastic bottles near the unused public telephone booth."
"The street in front of House No. 7, Ram Mandir Road, has a persistent minor litter problem.",Sanitation,Garbage,Low,"the street in front of house no. 7, ram mandir road, has a persistent minor litter problem."
"Garbage collection timing is erratic in our area (Shanti Nagar), making it difficult to put out bins.",Sanitation,Garbage,Low,"garbage collection timing is erratic in our area shanti nagar, making it difficult to put out bins."
Small plastic wrappers and food scraps are often seen near the entrance of the public garden.,Sanitation,Garbage,Low,small plastic wrappers and food scraps are often seen near the entrance of the public garden.
The community bins in Saraswati Vihar are routinely overflowing during weekends.,Sanitation,Garbage,Low,the community bins in saraswati vihar are routinely overflowing during weekends.
The daily sweeper often leaves a small amount of swept debris at the base of streetlights.,Sanitation,Garbage,Low,the daily sweeper often leaves a small amount of swept debris at the base of streetlights.
"Residents are putting out garbage bags at odd hours, leading to small spills overnight.",Sanitation,Garbage,Low,"residents are putting out garbage bags at odd hours, leading to small spills overnight."
The lane behind the fruit vendors has minor vegetable and fruit waste left on the ground.,Sanitation,Garbage,Low,the lane behind the fruit vendors has minor vegetable and fruit waste left on the ground.
The public bin near the post office has been unemptied for two consecutive days.,Sanitation,Garbage,Low,the public bin near the post office has been unemptied for two consecutive days.
"There's a small, consistent pile of mixed waste accumulating near the abandoned scooter.",Sanitation,Garbage,Low,"theres a small, consistent pile of mixed waste accumulating near the abandoned scooter."
Sweepers are not clearing the waste from between parked cars on Main Bazaar Street.,Sanitation,Garbage,Low,sweepers are not clearing the waste from between parked cars on main bazaar street.
My household bin was left unemptied this morning even after placing it out promptly.,Sanitation,Garbage,Low,my household bin was left unemptied this morning even after placing it out promptly.
The small corner near the old well is becoming a spot for minor garbage disposal.,Sanitation,Garbage,Low,the small corner near the old well is becoming a spot for minor garbage disposal.
The sweepers are simply moving the garbage from one spot to another without proper collection.,Sanitation,Garbage,Low,the sweepers are simply moving the garbage from one spot to another without proper collection.
The area around the public hand pump consistently has small amounts of litter.,Sanitation,Garbage,Low,the area around the public hand pump consistently has small amounts of litter.
The local residents are complaining about missed garbage collection in Geeta Colony every other day.,Sanitation,Garbage,Low,the local residents are complaining about missed garbage collection in geeta colony every other day.
"A small quantity of construction debris (packaging, small broken tiles) is left near the plot boundary.",Sanitation,Garbage,Low,"a small quantity of construction debris packaging, small broken tiles is left near the plot boundary."
The public dustbin at the market entrance is frequently overwhelmed and spills onto the walkway.,Sanitation,Garbage,Low,the public dustbin at the market entrance is frequently overwhelmed and spills onto the walkway.
"The sweepers neglect the narrow lane connecting Sector A and B, leaving it untidy.",Sanitation,Garbage,Low,"the sweepers neglect the narrow lane connecting sector a and b, leaving it untidy."
"There's a mild, unpleasant smell originating from the small heap of waste in the back alley.",Sanitation,Garbage,Low,"theres a mild, unpleasant smell originating from the small heap of waste in the back alley."
Small bags of household trash are often seen scattered near the main road after evening.,Sanitation,Garbage,Low,small bags of household trash are often seen scattered near the main road after evening.
The designated garbage collection point for our locality (Anand Vihar) is always overflowing.,Sanitation,Garbage,Low,the designated garbage collection point for our locality anand vihar is always overflowing.
The municipal sweeper does not clear the small drains of minor debris and leaves.,Sanitation,Garbage,Low,the municipal sweeper does not clear the small drains of minor debris and leaves.
Small amounts of packaging waste are accumulating near the entrance of the grocery store.,Sanitation,Garbage,Low,small amounts of packaging waste are accumulating near the entrance of the grocery store.
The garbage collector skipped collecting from the even-numbered houses on Gulmohar Street today.,Sanitation,Garbage,Low,the garbage collector skipped collecting from the evennumbered houses on gulmohar street today.
The vacant plot next to our house is being used for small-scale dumping of household refuse.,Sanitation,Garbage,Low,the vacant plot next to our house is being used for smallscale dumping of household refuse.
The public dustbin near the community hall has been full since yesterday evening.,Sanitation,Garbage,Low,the public dustbin near the community hall has been full since yesterday evening.
Small piles of mixed waste are regularly found near the electricity distribution box.,Sanitation,Garbage,Low,small piles of mixed waste are regularly found near the electricity distribution box.
The street sweeping in our residential area (Sukhdev Nagar) is inconsistent and often incomplete.,Sanitation,Garbage,Low,the street sweeping in our residential area sukhdev nagar is inconsistent and often incomplete.
There's a mild increase in flies around the unemptied community bin near Plot 50.,Sanitation,Garbage,Low,theres a mild increase in flies around the unemptied community bin near plot 50.
Residents are leaving small amounts of garden clippings near the boundary wall of the park.,Sanitation,Garbage,Low,residents are leaving small amounts of garden clippings near the boundary wall of the park.
"The garbage collection vehicle frequently arrives very early, before residents can place their waste out.",Sanitation,Garbage,Low,"the garbage collection vehicle frequently arrives very early, before residents can place their waste out."
The small collection of refuse near the bus shelter on Cross Road is attracting some stray animals.,Sanitation,Garbage,Low,the small collection of refuse near the bus shelter on cross road is attracting some stray animals.
The public bins near the rickshaw stand are often overflowing with general litter.,Sanitation,Garbage,Low,the public bins near the rickshaw stand are often overflowing with general litter.
The sweepers are not properly clearing the footpaths in front of the local school.,Sanitation,Garbage,Low,the sweepers are not properly clearing the footpaths in front of the local school.
"Flooded street due to burst water main near Sector 12 colony, water everywhere since morning.",Water Supply,Leakage,High,"flooded street due to burst water main near sector 12 colony, water everywhere since morning."
"Water gushing from cracked pipeline behind the municipal school, wasting thousands of litres daily.",Water Supply,Leakage,High,"water gushing from cracked pipeline behind the municipal school, wasting thousands of litres daily."
"Pipe burst near Hanuman Chowk causing heavy flooding on the road, extremely dangerous for vehicles.",Water Supply,Leakage,High,"pipe burst near hanuman chowk causing heavy flooding on the road, extremely dangerous for vehicles."
"Severe water seepage from underground pipe damaging my house foundation, Plot 45 Vikas Nagar.",Water Supply,Leakage,High,"severe water seepage from underground pipe damaging my house foundation, plot 45 vikas nagar."
"Huge wastage of water from broken public tap near the hospital entrance, running since 3 days.",Water Supply,Leakage,High,"huge wastage of water from broken public tap near the hospital entrance, running since 3 days."
"Entire lane waterlogged because of pipeline leak, mosquito breeding has increased significantly.",Water Supply,Leakage,High,"entire lane waterlogged because of pipeline leak, mosquito breeding has increased significantly."
"Road completely submerged due to water main burst near the temple, traffic diverted for hours.",Water Supply,Leakage,High,"road completely submerged due to water main burst near the temple, traffic diverted for hours."
"Continuous water overflow from the overhead tank, spilling onto the main road below.",Water Supply,Leakage,High,"continuous water overflow from the overhead tank, spilling onto the main road below."
"Urgent: Water spraying from a cracked joint near the transformer, electrocution risk very high.",Water Supply,Leakage,High,"urgent water spraying from a cracked joint near the transformer, electrocution risk very high."
"Pipe leakage near the market drain mixing with sewage, health hazard for shopkeepers.",Water Supply,Leakage,High,"pipe leakage near the market drain mixing with sewage, health hazard for shopkeepers."
"Our entire street is flooded due to municipal pipe burst, this is absolutely unacceptable.",Water Supply,Leakage,High,"our entire street is flooded due to municipal pipe burst, this is absolutely unacceptable."
"Water seeping through road cracks near bus depot, causing the asphalt to erode rapidly.",Water Supply,Leakage,High,"water seeping through road cracks near bus depot, causing the asphalt to erode rapidly."
"Massive water wastage from leaking valve near the community centre, nobody is attending to it.",Water Supply,Leakage,High,"massive water wastage from leaking valve near the community centre, nobody is attending to it."
"Flooded basement in my building due to underground pipe leak, furniture completely damaged.",Water Supply,Leakage,High,"flooded basement in my building due to underground pipe leak, furniture completely damaged."
"Water flowing like a stream on Station Road from burst pipeline, creating traffic chaos.",Water Supply,Leakage,High,"water flowing like a stream on station road from burst pipeline, creating traffic chaos."
"Pooling of water near children's playground due to pipe crack, kids cannot play safely.",Water Supply,Leakage,High,"pooling of water near childrens playground due to pipe crack, kids cannot play safely."
Heavy water leakage turning the road into a pond near Lakshmi Nagar junction.,Water Supply,Leakage,High,heavy water leakage turning the road into a pond near lakshmi nagar junction.
"Pipeline burst at midnight near our society gate, entire parking flooded by morning.",Water Supply,Leakage,High,"pipeline burst at midnight near our society gate, entire parking flooded by morning."
"Water gushing out violently from broken hydrant near the fire station, ironic but urgent.",Water Supply,Leakage,High,"water gushing out violently from broken hydrant near the fire station, ironic but urgent."
Continuous seepage from underground line weakening the boundary wall of government school.,Water Supply,Leakage,High,continuous seepage from underground line weakening the boundary wall of government school.
"Frustrated with this pipe leakage near our house, reported 5 times but no action taken.",Water Supply,Leakage,High,"frustrated with this pipe leakage near our house, reported 5 times but no action taken."
The water overflowing from burst pipe is now entering nearby shops in the market area.,Water Supply,Leakage,High,the water overflowing from burst pipe is now entering nearby shops in the market area.
"Road near the college is completely waterlogged due to pipeline damage, students struggling.",Water Supply,Leakage,High,"road near the college is completely waterlogged due to pipeline damage, students struggling."
Water wastage of criminal proportions from the broken main line near NH bypass.,Water Supply,Leakage,High,water wastage of criminal proportions from the broken main line near nh bypass.
Stagnant water due to pipe leak near the drain causing foul smell in entire locality.,Water Supply,Leakage,High,stagnant water due to pipe leak near the drain causing foul smell in entire locality.
"Burst pipe causing severe flooding near the petrol pump, vehicles skidding on wet road.",Water Supply,Leakage,High,"burst pipe causing severe flooding near the petrol pump, vehicles skidding on wet road."
Underground leakage has made the road surface collapse near the post office junction.,Water Supply,Leakage,High,underground leakage has made the road surface collapse near the post office junction.
"Pipe crack spraying water onto electric wires near Shiv Colony, extremely dangerous situation.",Water Supply,Leakage,High,"pipe crack spraying water onto electric wires near shiv colony, extremely dangerous situation."
"The flooded area near the temple is due to water pipeline burst, not rain.",Water Supply,Leakage,High,"the flooded area near the temple is due to water pipeline burst, not rain."
Major seepage from water line damaging the newly constructed footpath badly.,Water Supply,Leakage,High,major seepage from water line damaging the newly constructed footpath badly.
Why is nobody fixing the massive water leak near the railway crossing since two weeks?,Water Supply,Leakage,High,why is nobody fixing the massive water leak near the railway crossing since two weeks?
Leaking water pipe has created a mini pond outside our apartment complex entrance.,Water Supply,Leakage,High,leaking water pipe has created a mini pond outside our apartment complex entrance.
"The street near the masjid is completely flooded due to pipeline burst, urgent attention needed.",Water Supply,Leakage,High,"the street near the masjid is completely flooded due to pipeline burst, urgent attention needed."
"Severe water seepage under the flyover is eroding the pillar foundation, safety concern.",Water Supply,Leakage,High,"severe water seepage under the flyover is eroding the pillar foundation, safety concern."
"Frustrated: Water leaking from broken meter for a week, bills will skyrocket unfairly.",Water Supply,Leakage,High,"frustrated water leaking from broken meter for a week, bills will skyrocket unfairly."
Our colony road looks like a river due to pipeline burst near the main gate.,Water Supply,Leakage,High,our colony road looks like a river due to pipeline burst near the main gate.
"Water spraying from cracked pipe near the cemetery, creating muddy conditions for visitors.",Water Supply,Leakage,High,"water spraying from cracked pipe near the cemetery, creating muddy conditions for visitors."
The entire park area is waterlogged because of pipe leakage near the entrance.,Water Supply,Leakage,High,the entire park area is waterlogged because of pipe leakage near the entrance.
"Burst water main flooding the basement of the shopping complex, heavy losses for everyone.",Water Supply,Leakage,High,"burst water main flooding the basement of the shopping complex, heavy losses for everyone."
Water seepage from municipal line has damaged the road surface completely near Plot 78.,Water Supply,Leakage,High,water seepage from municipal line has damaged the road surface completely near plot 78.
"Sewage and water mixing near the leaking pipe at Gandhi Nagar, extremely unhygienic.",Water Supply,Leakage,High,"sewage and water mixing near the leaking pipe at gandhi nagar, extremely unhygienic."
"Pipe burst near the slum area wasting lakhs of litres, poor families could have used this.",Water Supply,Leakage,High,"pipe burst near the slum area wasting lakhs of litres, poor families could have used this."
"Water from burst pipeline entering my shop, severe financial loss happening daily.",Water Supply,Leakage,High,"water from burst pipeline entering my shop, severe financial loss happening daily."
"Flooded lane due to water main damage, auto rickshaws refusing to enter our area.",Water Supply,Leakage,High,"flooded lane due to water main damage, auto rickshaws refusing to enter our area."
The gushing water from cracked pipe is eroding the road foundation dangerously.,Water Supply,Leakage,High,the gushing water from cracked pipe is eroding the road foundation dangerously.
Our street is perpetually wet due to unattended water leakage since one month.,Water Supply,Leakage,High,our street is perpetually wet due to unattended water leakage since one month.
"No water in our taps for 48 hours, this is an emergency for families with infants.",Water Supply,Shortage,High,"no water in our taps for 48 hours, this is an emergency for families with infants."
"Complete water outage in Ward 15 since yesterday morning, residents are desperate.",Water Supply,Shortage,High,"complete water outage in ward 15 since yesterday morning, residents are desperate."
"Taps are bone dry, we are forced to buy expensive tanker water just to survive.",Water Supply,Shortage,High,"taps are bone dry, we are forced to buy expensive tanker water just to survive."
"Kindly restore water supply immediately, our elderly parents are suffering without water.",Water Supply,Shortage,High,"kindly restore water supply immediately, our elderly parents are suffering without water."
"Acute water shortage affecting over 200 families in our colony, basic survival is at stake.",Water Supply,Shortage,High,"acute water shortage affecting over 200 families in our colony, basic survival is at stake."
Why is there no water supply during peak morning hours when we need it most?,Water Supply,Shortage,High,why is there no water supply during peak morning hours when we need it most?
"Three days without water, cooking and bathing have become impossible for us.",Water Supply,Shortage,High,"three days without water, cooking and bathing have become impossible for us."
"Our building's underground tank is empty, no supply from municipal corporation at all.",Water Supply,Shortage,High,"our buildings underground tank is empty, no supply from municipal corporation at all."
"Water pressure is zero, not even a drop comes from the tap since yesterday.",Water Supply,Shortage,High,"water pressure is zero, not even a drop comes from the tap since yesterday."
"Desperate plea for water restoration, children cannot go to school without bathing.",Water Supply,Shortage,High,"desperate plea for water restoration, children cannot go to school without bathing."
"The scheduled water supply timing is never followed, we get water at random hours.",Water Supply,Shortage,High,"the scheduled water supply timing is never followed, we get water at random hours."
"No water for past 72 hours, sanitation and hygiene have become major concerns.",Water Supply,Shortage,High,"no water for past 72 hours, sanitation and hygiene have become major concerns."
"Water crisis in our locality is reaching alarming levels, please send tankers urgently.",Water Supply,Shortage,High,"water crisis in our locality is reaching alarming levels, please send tankers urgently."
"Even the borewell pump has stopped due to power cuts, and no municipal supply either.",Water Supply,Shortage,High,"even the borewell pump has stopped due to power cuts, and no municipal supply either."
Absolutely no water in any tap of our apartment building since two days.,Water Supply,Shortage,High,absolutely no water in any tap of our apartment building since two days.
"Water scarcity forcing women to walk long distances to fetch water, very inconvenient.",Water Supply,Shortage,High,"water scarcity forcing women to walk long distances to fetch water, very inconvenient."
"Our tanks are dry and taps are silent, when will you restore the water supply?",Water Supply,Shortage,High,"our tanks are dry and taps are silent, when will you restore the water supply?"
Summer heat combined with no water supply is making life unbearable in our ward.,Water Supply,Shortage,High,summer heat combined with no water supply is making life unbearable in our ward.
"Water supply cut off without any notice, hundreds of families affected immediately.",Water Supply,Shortage,High,"water supply cut off without any notice, hundreds of families affected immediately."
"We have small children at home who need water desperately, please restore supply.",Water Supply,Shortage,High,"we have small children at home who need water desperately, please restore supply."
The irregular water supply is affecting our cooking schedule every single day.,Water Supply,Shortage,High,the irregular water supply is affecting our cooking schedule every single day.
"Not a single drop of water for dialysis patient at home, this is life-threatening.",Water Supply,Shortage,High,"not a single drop of water for dialysis patient at home, this is lifethreatening."
"Our colony is parched, we have seen no water supply for almost a week now.",Water Supply,Shortage,High,"our colony is parched, we have seen no water supply for almost a week now."
"Water supply is only for 15 minutes daily, how can a family manage with this?",Water Supply,Shortage,High,"water supply is only for 15 minutes daily, how can a family manage with this?"
"Frustrated with empty taps, even the motor pump runs dry with no municipal supply.",Water Supply,Shortage,High,"frustrated with empty taps, even the motor pump runs dry with no municipal supply."
Please investigate why our area consistently gets less water than neighboring localities.,Water Supply,Shortage,High,please investigate why our area consistently gets less water than neighboring localities.
The persistent water shortage is forcing us to consider shifting from this locality.,Water Supply,Shortage,High,the persistent water shortage is forcing us to consider shifting from this locality.
"Water crisis worsening daily, underground tanks completely empty since three days.",Water Supply,Shortage,High,"water crisis worsening daily, underground tanks completely empty since three days."
Hostel students suffering badly with no water for bathing or drinking since morning.,Water Supply,Shortage,High,hostel students suffering badly with no water for bathing or drinking since morning.
"Water supply stopped suddenly during lunch preparation, very inconvenient timing.",Water Supply,Shortage,High,"water supply stopped suddenly during lunch preparation, very inconvenient timing."
"Our area receives water only once in three days, this is highly insufficient.",Water Supply,Shortage,High,"our area receives water only once in three days, this is highly insufficient."
"Multiple families sharing one bucket of water due to severe shortage, pathetic condition.",Water Supply,Shortage,High,"multiple families sharing one bucket of water due to severe shortage, pathetic condition."
"Water supply tanker promised yesterday never arrived, still waiting desperately.",Water Supply,Shortage,High,"water supply tanker promised yesterday never arrived, still waiting desperately."
"Dry taps for fourth consecutive day, we are buying water for even basic washing.",Water Supply,Shortage,High,"dry taps for fourth consecutive day, we are buying water for even basic washing."
"No water to flush toilets, the sanitation situation is becoming very bad.",Water Supply,Shortage,High,"no water to flush toilets, the sanitation situation is becoming very bad."
"Water shortage affecting local restaurants and hotels, businesses are shutting down.",Water Supply,Shortage,High,"water shortage affecting local restaurants and hotels, businesses are shutting down."
"Our colony pump house seems dysfunctional, no water reaching any household.",Water Supply,Shortage,High,"our colony pump house seems dysfunctional, no water reaching any household."
The water tanker mafia is exploiting us because of municipal supply failure.,Water Supply,Shortage,High,the water tanker mafia is exploiting us because of municipal supply failure.
Kids are falling sick due to dehydration as we have no clean drinking water.,Water Supply,Shortage,High,kids are falling sick due to dehydration as we have no clean drinking water.
"Zero water pressure in our society's pipeline, not even enough to fill one bucket.",Water Supply,Shortage,High,"zero water pressure in our societys pipeline, not even enough to fill one bucket."
"Water supply restored for only one hour yesterday, tank couldn't even fill halfway.",Water Supply,Shortage,High,"water supply restored for only one hour yesterday, tank couldnt even fill halfway."
"School had to close early because toilets had no water, students sent home.",Water Supply,Shortage,High,"school had to close early because toilets had no water, students sent home."
"Old age home in our area struggling without water, elderly inmates are suffering.",Water Supply,Shortage,High,"old age home in our area struggling without water, elderly inmates are suffering."
"Please prioritize water supply to our slum area, we have been ignored for too long.",Water Supply,Shortage,High,"please prioritize water supply to our slum area, we have been ignored for too long."
"Dangerous pothole right in the middle of the highway near toll plaza, accidents waiting to happen.",Roads,Pothole,Medium,"dangerous pothole right in the middle of the highway near toll plaza, accidents waiting to happen."
Multiple potholes have appeared after recent rains on the main road through Ashok Nagar.,Roads,Pothole,Medium,multiple potholes have appeared after recent rains on the main road through ashok nagar.
Deep crater-like pothole near the petrol pump causing severe damage to vehicle suspensions.,Roads,Pothole,Medium,deep craterlike pothole near the petrol pump causing severe damage to vehicle suspensions.
"Potholes filled with muddy water hiding their depth, very dangerous for two-wheelers.",Roads,Pothole,Medium,"potholes filled with muddy water hiding their depth, very dangerous for twowheelers."
"The road near children's hospital has potholes, ambulances are getting delayed.",Roads,Pothole,Medium,"the road near childrens hospital has potholes, ambulances are getting delayed."
"Large pothole near the traffic signal causing vehicles to brake suddenly, rear-end collisions common.",Roads,Pothole,Medium,"large pothole near the traffic signal causing vehicles to brake suddenly, rearend collisions common."
Series of potholes on the bridge approach road making crossing very difficult.,Roads,Pothole,Medium,series of potholes on the bridge approach road making crossing very difficult.
"School bus route has multiple potholes, children experience severe jolts daily.",Roads,Pothole,Medium,"school bus route has multiple potholes, children experience severe jolts daily."
Pothole near the railway crossing has been reported thrice but no repair done yet.,Roads,Pothole,Medium,pothole near the railway crossing has been reported thrice but no repair done yet.
"Fresh potholes appearing on newly laid road within just three months, poor quality work.",Roads,Pothole,Medium,"fresh potholes appearing on newly laid road within just three months, poor quality work."
"Motorcycle skidded and fell into pothole near the market, rider injured badly.",Roads,Pothole,Medium,"motorcycle skidded and fell into pothole near the market, rider injured badly."
One pothole near the government college has grown to the size of a small car.,Roads,Pothole,Medium,one pothole near the government college has grown to the size of a small car.
"Recurring potholes on the same stretch near the temple, repair work never lasts.",Roads,Pothole,Medium,"recurring potholes on the same stretch near the temple, repair work never lasts."
Pothole near our society gate has become a trap for vehicles entering and exiting.,Roads,Pothole,Medium,pothole near our society gate has become a trap for vehicles entering and exiting.
The internal roads of our residential colony are more potholes than road surface.,Roads,Pothole,Medium,the internal roads of our residential colony are more potholes than road surface.
Deep pothole near the vegetable market causing produce trucks to lose goods.,Roads,Pothole,Medium,deep pothole near the vegetable market causing produce trucks to lose goods.
"Potholes on the road to cremation ground, hearses getting stuck mid-journey.",Roads,Pothole,Medium,"potholes on the road to cremation ground, hearses getting stuck midjourney."
Water-filled potholes hiding sharp edges have damaged multiple car tyres this week.,Roads,Pothole,Medium,waterfilled potholes hiding sharp edges have damaged multiple car tyres this week.
The road in front of the municipality office itself has embarrassing potholes.,Roads,Pothole,Medium,the road in front of the municipality office itself has embarrassing potholes.
Potholes near the metro construction site are making an already congested route worse.,Roads,Pothole,Medium,potholes near the metro construction site are making an already congested route worse.
"Large pothole near the bus stop platform, passengers stepping into it while boarding.",Roads,Pothole,Medium,"large pothole near the bus stop platform, passengers stepping into it while boarding."
Series of connected potholes creating a trench across the road near Sector 7.,Roads,Pothole,Medium,series of connected potholes creating a trench across the road near sector 7.
"Pothole damages have cost me three tyre repairs this month alone, unacceptable.",Roads,Pothole,Medium,"pothole damages have cost me three tyre repairs this month alone, unacceptable."
The approach road to the new IT park is already riddled with potholes.,Roads,Pothole,Medium,the approach road to the new it park is already riddled with potholes.
Senior citizens are afraid to cross the road due to multiple potholes near the park.,Roads,Pothole,Medium,senior citizens are afraid to cross the road due to multiple potholes near the park.
"Pothole near the electric pole has exposed some wires, dual hazard there.",Roads,Pothole,Medium,"pothole near the electric pole has exposed some wires, dual hazard there."
"Rain has worsened the pothole situation on MG Road, almost undriveable now.",Roads,Pothole,Medium,"rain has worsened the pothole situation on mg road, almost undriveable now."
My two-wheeler's suspension is completely damaged due to daily pothole jolts.,Roads,Pothole,Medium,my twowheelers suspension is completely damaged due to daily pothole jolts.
Potholes turning the weekly market area into an obstacle course for shoppers.,Roads,Pothole,Medium,potholes turning the weekly market area into an obstacle course for shoppers.
Giant pothole near the cinema hall has been barricaded but not repaired for months.,Roads,Pothole,Medium,giant pothole near the cinema hall has been barricaded but not repaired for months.
Children walking to school have to navigate around dangerous potholes on the main road.,Roads,Pothole,Medium,children walking to school have to navigate around dangerous potholes on the main road.
"The road near the slaughter house has deep potholes filled with blood and rainwater, disgusting.",Roads,Pothole,Medium,"the road near the slaughter house has deep potholes filled with blood and rainwater, disgusting."
"Pothole right at the corner is invisible until you're on it, many accidents reported.",Roads,Pothole,Medium,"pothole right at the corner is invisible until youre on it, many accidents reported."
Emergency vehicles getting delayed due to pothole-riddled roads in our ward.,Roads,Pothole,Medium,emergency vehicles getting delayed due to potholeriddled roads in our ward.
"Recurring pothole at the same spot every monsoon, permanent solution needed.",Roads,Pothole,Medium,"recurring pothole at the same spot every monsoon, permanent solution needed."
"Road surface near the dairy has completely disintegrated, large cracks everywhere visible.",Roads,Road Damage,Medium,"road surface near the dairy has completely disintegrated, large cracks everywhere visible."
Heavy trucks have destroyed the road leading to the industrial area beyond recognition.,Roads,Road Damage,Medium,heavy trucks have destroyed the road leading to the industrial area beyond recognition.
The entire stretch of road past the level crossing is broken into large concrete slabs.,Roads,Road Damage,Medium,the entire stretch of road past the level crossing is broken into large concrete slabs.
"Road caves in near the drainage line, portion has collapsed dangerously.",Roads,Road Damage,Medium,"road caves in near the drainage line, portion has collapsed dangerously."
Severe undulation and rutting on the road near the wholesale market.,Roads,Road Damage,Medium,severe undulation and rutting on the road near the wholesale market.
The road surface is peeling off in large sheets near the new construction site.,Roads,Road Damage,Medium,the road surface is peeling off in large sheets near the new construction site.
Deep longitudinal crack running through the middle of the main road is widening daily.,Roads,Road Damage,Medium,deep longitudinal crack running through the middle of the main road is widening daily.
Exposed aggregate on the road surface near the temple causing severe tyre wear.,Roads,Road Damage,Medium,exposed aggregate on the road surface near the temple causing severe tyre wear.
"Road has completely collapsed near the bridge approach, traffic diverted for days.",Roads,Road Damage,Medium,"road has completely collapsed near the bridge approach, traffic diverted for days."
The tarred road has turned into gravel road near the quarry truck route.,Roads,Road Damage,Medium,the tarred road has turned into gravel road near the quarry truck route.
"The edge of the road near the canal has completely eroded, only half lane remains.",Roads,Road Damage,Medium,"the edge of the road near the canal has completely eroded, only half lane remains."
Manhole cover dislodged creating a deep hole in the middle of busy road.,Roads,Road Damage,Medium,manhole cover dislodged creating a deep hole in the middle of busy road.
Construction vehicle damage has made the road near Plot 23 completely unmotorable.,Roads,Road Damage,Medium,construction vehicle damage has made the road near plot 23 completely unmotorable.
The newly laid road has developed massive cracks within just two months.,Roads,Road Damage,Medium,the newly laid road has developed massive cracks within just two months.
Road surface near the water tank has sunk due to underground pipeline work.,Roads,Road Damage,Medium,road surface near the water tank has sunk due to underground pipeline work.
Multiple repairs on the same road have created a patchwork of uneven surfaces.,Roads,Road Damage,Medium,multiple repairs on the same road have created a patchwork of uneven surfaces.
Exposed rebar from broken concrete road sections is a puncture and injury risk.,Roads,Road Damage,Medium,exposed rebar from broken concrete road sections is a puncture and injury risk.
The bitumen layer has completely worn off on the road through Indira Colony.,Roads,Road Damage,Medium,the bitumen layer has completely worn off on the road through indira colony.
Road damage near the school has made the morning traffic situation extremely chaotic.,Roads,Road Damage,Medium,road damage near the school has made the morning traffic situation extremely chaotic.
Heavy waterlogging has caused the road foundation to weaken and crack throughout.,Roads,Road Damage,Medium,heavy waterlogging has caused the road foundation to weaken and crack throughout.
The road surface is so rough that driving feels like off-roading in the city.,Roads,Road Damage,Medium,the road surface is so rough that driving feels like offroading in the city.
Service road parallel to the highway is in worse condition than a village kaccha road.,Roads,Road Damage,Medium,service road parallel to the highway is in worse condition than a village kaccha road.
"Concrete road blocks have shifted due to root growth, creating dangerous bumps.",Roads,Road Damage,Medium,"concrete road blocks have shifted due to root growth, creating dangerous bumps."
"The road near the cemetery needs urgent repair, funeral processions are disrupted.",Roads,Road Damage,Medium,"the road near the cemetery needs urgent repair, funeral processions are disrupted."
Fatigue cracking pattern visible on the entire stretch near the district court.,Roads,Road Damage,Medium,fatigue cracking pattern visible on the entire stretch near the district court.
Road damage is so severe that auto rickshaws refuse to enter our colony.,Roads,Road Damage,Medium,road damage is so severe that auto rickshaws refuse to enter our colony.
"The approach road to the hospital is in shambles, patients suffer during transit.",Roads,Road Damage,Medium,"the approach road to the hospital is in shambles, patients suffer during transit."
Broken road edges are causing vehicles to veer dangerously close to pedestrians.,Roads,Road Damage,Medium,broken road edges are causing vehicles to veer dangerously close to pedestrians.
The road has turned into loose gravel near the abandoned factory site.,Roads,Road Damage,Medium,the road has turned into loose gravel near the abandoned factory site.
Utility trenching work has left permanent damage on the road surface near Sector 4.,Roads,Road Damage,Medium,utility trenching work has left permanent damage on the road surface near sector 4.
Road surface absolutely destroyed by overloaded sand trucks traveling daily.,Roads,Road Damage,Medium,road surface absolutely destroyed by overloaded sand trucks traveling daily.
The junction near the bazaar has severe road damage from all directions.,Roads,Road Damage,Medium,the junction near the bazaar has severe road damage from all directions.
Unfinished road construction has left the entire street broken and dusty.,Roads,Road Damage,Medium,unfinished road construction has left the entire street broken and dusty.
Both lanes of the road near the police station are badly damaged and cracked.,Roads,Road Damage,Medium,both lanes of the road near the police station are badly damaged and cracked.
The road damage has made property values in our area decrease significantly.,Roads,Road Damage,Medium,the road damage has made property values in our area decrease significantly.
"Complete power failure in our sector since 6 AM, now its past noon and no restoration.",Electricity,Power Cut,High,"complete power failure in our sector since 6 am, now its past noon and no restoration."
"Transformer burst near our locality, when will you replace it and restore power?",Electricity,Power Cut,High,"transformer burst near our locality, when will you replace it and restore power?"
"Unscheduled power cut during child's online exam, this resulted in automatic failure.",Electricity,Power Cut,High,"unscheduled power cut during childs online exam, this resulted in automatic failure."
"Electricity supply extremely unstable, three outages within two hours today.",Electricity,Power Cut,High,"electricity supply extremely unstable, three outages within two hours today."
"Power cut affecting water pump operation, we have no water due to this.",Electricity,Power Cut,High,"power cut affecting water pump operation, we have no water due to this."
"ICU patient at home on ventilator, power backup has drained, urgent restoration needed.",Electricity,Power Cut,High,"icu patient at home on ventilator, power backup has drained, urgent restoration needed."
"Summer heat wave and no electricity for fans or coolers, elderly suffering badly.",Electricity,Power Cut,High,"summer heat wave and no electricity for fans or coolers, elderly suffering badly."
"Power cut since midnight, all frozen food has thawed and spoiled completely.",Electricity,Power Cut,High,"power cut since midnight, all frozen food has thawed and spoiled completely."
"The entire industrial area is without power, daily wage workers sent home.",Electricity,Power Cut,High,"the entire industrial area is without power, daily wage workers sent home."
Severely frustrated with daily 4-5 hour power cuts without any prior notice.,Electricity,Power Cut,High,severely frustrated with daily 45 hour power cuts without any prior notice.
"Power failure during wedding function in our community hall, extremely embarrassing.",Electricity,Power Cut,High,"power failure during wedding function in our community hall, extremely embarrassing."
"Streetlights not working due to power cut, evening walk has become dangerous.",Electricity,Power Cut,High,"streetlights not working due to power cut, evening walk has become dangerous."
"Lift in our high-rise is stuck due to power cut, residents trapped for an hour.",Electricity,Power Cut,High,"lift in our highrise is stuck due to power cut, residents trapped for an hour."
"Power cut affecting local bakery and dairy shops, all perishables rotting.",Electricity,Power Cut,High,"power cut affecting local bakery and dairy shops, all perishables rotting."
The constant on-off of power has burned out my refrigerator compressor.,Electricity,Power Cut,High,the constant onoff of power has burned out my refrigerator compressor.
No electricity for water pump means no water for 500 families in our society.,Electricity,Power Cut,High,no electricity for water pump means no water for 500 families in our society.
Power fluctuation followed by complete outage has damaged my computer equipment.,Electricity,Power Cut,High,power fluctuation followed by complete outage has damaged my computer equipment.
Power cut during peak business hours affecting all shops in the main market.,Electricity,Power Cut,High,power cut during peak business hours affecting all shops in the main market.
"Three consecutive days of 6-hour power cuts, this is torture not governance.",Electricity,Power Cut,High,"three consecutive days of 6hour power cuts, this is torture not governance."
"Child having breathing difficulty, nebulizer cannot run without power, emergency.",Electricity,Power Cut,High,"child having breathing difficulty, nebulizer cannot run without power, emergency."
"Power outage affecting the entire ward, thousands of families impacted tonight.",Electricity,Power Cut,High,"power outage affecting the entire ward, thousands of families impacted tonight."
"ATM machines not working due to power failure, people cannot withdraw cash.",Electricity,Power Cut,High,"atm machines not working due to power failure, people cannot withdraw cash."
"The underground cable has faulted, entire colony plunged into darkness.",Electricity,Power Cut,High,"the underground cable has faulted, entire colony plunged into darkness."
Why does our area always get longer power cuts compared to posh localities?,Electricity,Power Cut,High,why does our area always get longer power cuts compared to posh localities?
"Medical cold storage in nearby clinic affected, vaccines at risk of spoiling.",Electricity,Power Cut,High,"medical cold storage in nearby clinic affected, vaccines at risk of spoiling."
"Power cut during crucial work-from-home meeting, I lost an important client.",Electricity,Power Cut,High,"power cut during crucial workfromhome meeting, i lost an important client."
Continuous power failure since morning affecting students' online classes.,Electricity,Power Cut,High,continuous power failure since morning affecting students online classes.
The local coaching centre had to close due to persistent power outages.,Electricity,Power Cut,High,the local coaching centre had to close due to persistent power outages.
"Petrol pump cannot operate without power, long queues of stranded vehicles.",Electricity,Power Cut,High,"petrol pump cannot operate without power, long queues of stranded vehicles."
Power cut combined with water shortage has made our locality unlivable.,Electricity,Power Cut,High,power cut combined with water shortage has made our locality unlivable.
"Electricity came for 5 minutes and went again, this is playing with our patience.",Electricity,Power Cut,High,"electricity came for 5 minutes and went again, this is playing with our patience."
Reporting power theft in my area which might be causing frequent outages.,Electricity,Power Cut,High,reporting power theft in my area which might be causing frequent outages.
Factory production completely halted due to unexpected power cut since morning.,Electricity,Power Cut,High,factory production completely halted due to unexpected power cut since morning.
"Newborn baby at home, cannot run heater or milk warmer without electricity.",Electricity,Power Cut,High,"newborn baby at home, cannot run heater or milk warmer without electricity."
"Power restoration promised by 5 PM, now its 10 PM and still no electricity.",Electricity,Power Cut,High,"power restoration promised by 5 pm, now its 10 pm and still no electricity."
"The transformer near our society keeps tripping, repair it permanently please.",Electricity,Power Cut,High,"the transformer near our society keeps tripping, repair it permanently please."
"Power cut affecting mobile towers, no electricity and no phone connectivity either.",Electricity,Power Cut,High,"power cut affecting mobile towers, no electricity and no phone connectivity either."
"Consistent low voltage damages electronics, then sudden complete power cut today.",Electricity,Power Cut,High,"consistent low voltage damages electronics, then sudden complete power cut today."
"Wedding hall booked for tomorrow, power supply must be guaranteed, please confirm.",Electricity,Power Cut,High,"wedding hall booked for tomorrow, power supply must be guaranteed, please confirm."
"Power cut during heavy rain and thunderstorm, trees have fallen on lines maybe.",Electricity,Power Cut,High,"power cut during heavy rain and thunderstorm, trees have fallen on lines maybe."
"Hospital generator has failed, civic hospital needs immediate power restoration.",Electricity,Power Cut,High,"hospital generator has failed, civic hospital needs immediate power restoration."
"Electricity department phone lines busy since morning, cannot even report outage.",Electricity,Power Cut,High,"electricity department phone lines busy since morning, cannot even report outage."
The power cables in our area are very old and spark frequently before cutting off.,Electricity,Power Cut,High,the power cables in our area are very old and spark frequently before cutting off.
"Power cut lasting full day on Saturday when everyone is home, very inconvenient.",Electricity,Power Cut,High,"power cut lasting full day on saturday when everyone is home, very inconvenient."
"Inverter battery dead after continuous use, main power still not restored.",Electricity,Power Cut,High,"inverter battery dead after continuous use, main power still not restored."
"Huge garbage dump near the river bank behind Ganga Colony, causing severe pollution.",Sanitation,Garbage,Low,"huge garbage dump near the river bank behind ganga colony, causing severe pollution."
Garbage collection van has not come to our lane for over a week now.,Sanitation,Garbage,Low,garbage collection van has not come to our lane for over a week now.
"The community dustbin is overflowing onto the footpath, pedestrians have to step over garbage.",Sanitation,Garbage,Low,"the community dustbin is overflowing onto the footpath, pedestrians have to step over garbage."
"Stray dogs tearing open garbage bags at night, mess everywhere by morning.",Sanitation,Garbage,Low,"stray dogs tearing open garbage bags at night, mess everywhere by morning."
"Garbage burning in the vacant plot near the school, children inhaling toxic smoke.",Sanitation,Garbage,Low,"garbage burning in the vacant plot near the school, children inhaling toxic smoke."
"The designated garbage point has become an unofficial landfill, stench unbearable.",Sanitation,Garbage,Low,"the designated garbage point has become an unofficial landfill, stench unbearable."
"Sweepers come but dont pick up the garbage, just push it to another corner.",Sanitation,Garbage,Low,"sweepers come but dont pick up the garbage, just push it to another corner."
Construction debris mixed with household garbage blocking the entire lane.,Sanitation,Garbage,Low,construction debris mixed with household garbage blocking the entire lane.
Garbage attracting rats and cockroaches into our residential area increasingly.,Sanitation,Garbage,Low,garbage attracting rats and cockroaches into our residential area increasingly.
"The open drain near the market is clogged with garbage, could overflow anytime.",Sanitation,Garbage,Low,"the open drain near the market is clogged with garbage, could overflow anytime."
"Garbage truck comes at 5 AM when most people are asleep, bins remain unemptied.",Sanitation,Garbage,Low,"garbage truck comes at 5 am when most people are asleep, bins remain unemptied."
"Wet and dry waste separation not being followed, entire garbage bin contaminated.",Sanitation,Garbage,Low,"wet and dry waste separation not being followed, entire garbage bin contaminated."
Foul smell from garbage dump affecting nearby hospital patients adversely.,Sanitation,Garbage,Low,foul smell from garbage dump affecting nearby hospital patients adversely.
Garbage piled near the temple entrance is disrespectful and unhygienic.,Sanitation,Garbage,Low,garbage piled near the temple entrance is disrespectful and unhygienic.
The weekly street sweeping has stopped completely in our mohalla.,Sanitation,Garbage,Low,the weekly street sweeping has stopped completely in our mohalla.
Overflowing garbage bin near the bus stop creating very bad first impression of city.,Sanitation,Garbage,Low,overflowing garbage bin near the bus stop creating very bad first impression of city.
"Garbage not cleared from market area for 3 days, vendors are suffering losses.",Sanitation,Garbage,Low,"garbage not cleared from market area for 3 days, vendors are suffering losses."
E-waste dumped along with regular garbage near the IT park entrance.,Sanitation,Garbage,Low,ewaste dumped along with regular garbage near the it park entrance.
Broken glass and sharp items mixed in garbage pile near childrens playground.,Sanitation,Garbage,Low,broken glass and sharp items mixed in garbage pile near childrens playground.
The garbage collection workers demand extra money or skip our house.,Sanitation,Garbage,Low,the garbage collection workers demand extra money or skip our house.
Vegetation waste from park trimming left to rot along the roadside.,Sanitation,Garbage,Low,vegetation waste from park trimming left to rot along the roadside.
Multiple dead animals mixed with garbage near the slaughter house.,Sanitation,Garbage,Low,multiple dead animals mixed with garbage near the slaughter house.
Garbage truck leaked smelly liquid all along our street while collecting.,Sanitation,Garbage,Low,garbage truck leaked smelly liquid all along our street while collecting.
"Sanitary waste disposed openly near the public toilet, extremely disgusting.",Sanitation,Garbage,Low,"sanitary waste disposed openly near the public toilet, extremely disgusting."
The garbage collection point near the school needs to be relocated urgently.,Sanitation,Garbage,Low,the garbage collection point near the school needs to be relocated urgently.
Pigs feeding on garbage pile have become a common sight in our locality.,Sanitation,Garbage,Low,pigs feeding on garbage pile have become a common sight in our locality.
Biomedical waste from nearby clinic disposed with regular garbage illegally.,Sanitation,Garbage,Low,biomedical waste from nearby clinic disposed with regular garbage illegally.
Garbage attracting eagles and crows which then dirty our balconies and terraces.,Sanitation,Garbage,Low,garbage attracting eagles and crows which then dirty our balconies and terraces.
The compost pit in the park has turned into an open garbage dump.,Sanitation,Garbage,Low,the compost pit in the park has turned into an open garbage dump.
Festival waste still lying uncollected three days after the event ended.,Sanitation,Garbage,Low,festival waste still lying uncollected three days after the event ended.
"Night sweeping promised but never happens, roads are dirty every morning.",Sanitation,Garbage,Low,"night sweeping promised but never happens, roads are dirty every morning."
Garbage collection schedule is so erratic we never know when to put out bins.,Sanitation,Garbage,Low,garbage collection schedule is so erratic we never know when to put out bins.
Pile of garbage near the water pipeline could contaminate drinking water source.,Sanitation,Garbage,Low,pile of garbage near the water pipeline could contaminate drinking water source.
"Overflowing garbage has blocked the storm drain, flooding risk during rains.",Sanitation,Garbage,Low,"overflowing garbage has blocked the storm drain, flooding risk during rains."
"The garbage collection workers are understaffed, they cannot cover entire ward.",Sanitation,Garbage,Low,"the garbage collection workers are understaffed, they cannot cover entire ward."
Plastic waste being burned openly near residential area at night.,Sanitation,Garbage,Low,plastic waste being burned openly near residential area at night.
Wedding decoration waste including flowers and thermocol dumped on roadside.,Sanitation,Garbage,Low,wedding decoration waste including flowers and thermocol dumped on roadside.
The garbage bin near the medical store attracts flies to the medicines.,Sanitation,Garbage,Low,the garbage bin near the medical store attracts flies to the medicines.
"Garbage collectors skip weekend collections, bins overflow by Monday.",Sanitation,Garbage,Low,"garbage collectors skip weekend collections, bins overflow by monday."
"Our streets used to be clean, garbage collection has declined rapidly this year.",Sanitation,Garbage,Low,"our streets used to be clean, garbage collection has declined rapidly this year."
"Garbage dump growing in size near the railway tracks, eyesore for travelers.",Sanitation,Garbage,Low,"garbage dump growing in size near the railway tracks, eyesore for travelers."
Construction site debris dumped on public land near our society entrance.,Sanitation,Garbage,Low,construction site debris dumped on public land near our society entrance.
Dead animal carcass thrown with garbage has been rotting for two days.,Sanitation,Garbage,Low,dead animal carcass thrown with garbage has been rotting for two days.
Garbage is turning the vacant land into breeding ground for mosquitoes.,Sanitation,Garbage,Low,garbage is turning the vacant land into breeding ground for mosquitoes.
"Request for additional garbage bins, existing ones are insufficient for residents.",Sanitation,Garbage,Low,"request for additional garbage bins, existing ones are insufficient for residents."
"There is flooding in our street but the cause is water pipe burst, please fix the leakage.",Water Supply,Leakage,High,"there is flooding in our street but the cause is water pipe burst, please fix the leakage."
"Water has flooded the road near the metro station due to pipeline damage, not drainage issue.",Water Supply,Leakage,High,"water has flooded the road near the metro station due to pipeline damage, not drainage issue."
"The standing water on MG Road is from a burst pipe, this is a leakage complaint.",Water Supply,Leakage,High,"the standing water on mg road is from a burst pipe, this is a leakage complaint."
"Please note: The flooding near our colony is due to water main burst, not rain water.",Water Supply,Leakage,High,"please note the flooding near our colony is due to water main burst, not rain water."
Waterlogged street outside the bank is caused by leaking water pipeline underground.,Water Supply,Leakage,High,waterlogged street outside the bank is caused by leaking water pipeline underground.
"Road submerged in water but rain hasnt happened, its your pipeline that has burst.",Water Supply,Leakage,High,"road submerged in water but rain hasnt happened, its your pipeline that has burst."
"The water accumulation near the park is from leaking water supply pipe, very wasteful.",Water Supply,Leakage,High,"the water accumulation near the park is from leaking water supply pipe, very wasteful."
"Our basement flooded because of water seepage from municipal line, not rain ingress.",Water Supply,Leakage,High,"our basement flooded because of water seepage from municipal line, not rain ingress."
Water spreading across the road from a cracked pipe joint near the junction.,Water Supply,Leakage,High,water spreading across the road from a cracked pipe joint near the junction.
"The mini flood on Temple Road is due to burst water main, affecting traffic badly.",Water Supply,Leakage,High,"the mini flood on temple road is due to burst water main, affecting traffic badly."
Not rain but leaked water from pipe has waterlogged the entire marketplace.,Water Supply,Leakage,High,not rain but leaked water from pipe has waterlogged the entire marketplace.
"Flooded compound wall foundation due to underground water pipe seepage, not groundwater.",Water Supply,Leakage,High,"flooded compound wall foundation due to underground water pipe seepage, not groundwater."
"Due to power cut the water pump cannot run, hence no water supply in our building.",Electricity,Power Cut,High,"due to power cut the water pump cannot run, hence no water supply in our building."
"Power outage affecting our motor pump, we have no water because electricity is cut.",Electricity,Power Cut,High,"power outage affecting our motor pump, we have no water because electricity is cut."
"Water shortage in our society is because of power cut, the overhead tank cant fill.",Electricity,Power Cut,High,"water shortage in our society is because of power cut, the overhead tank cant fill."
No water in taps because electricity department cut power to our pump house.,Electricity,Power Cut,High,no water in taps because electricity department cut power to our pump house.
"The water crisis here is secondary to the main power failure, please restore electricity.",Electricity,Power Cut,High,"the water crisis here is secondary to the main power failure, please restore electricity."
Cannot pump water from borewell due to persistent power cuts in our area.,Electricity,Power Cut,High,cannot pump water from borewell due to persistent power cuts in our area.
"Societys water pumps are idle because of power outage, dual problem for residents.",Electricity,Power Cut,High,"societys water pumps are idle because of power outage, dual problem for residents."
"Electricity failure has caused water storage tanks to run dry, need power restored.",Electricity,Power Cut,High,"electricity failure has caused water storage tanks to run dry, need power restored."
The underground parking is flooded but this is due to pipe leak not drainage.,Water Supply,Leakage,High,the underground parking is flooded but this is due to pipe leak not drainage.
"Street near hospital flooded from water pipe burst, ambulances struggling to pass.",Water Supply,Leakage,High,"street near hospital flooded from water pipe burst, ambulances struggling to pass."
Road damage near the junction is worsening due to water seepage from leaking pipe.,Water Supply,Leakage,High,road damage near the junction is worsening due to water seepage from leaking pipe.
"The pothole near our gate is filled with water from leaking pipe, not rain water.",Water Supply,Leakage,High,"the pothole near our gate is filled with water from leaking pipe, not rain water."
Water overflowing from broken pipe is adding to road damage problems.,Water Supply,Leakage,High,water overflowing from broken pipe is adding to road damage problems.
Pothole problem combined with water leakage making Road No. 4 completely unmotorable.,Roads,Pothole,Medium,pothole problem combined with water leakage making road no. 4 completely unmotorable.
Road damage appearing because of water seepage weakening the foundation.,Roads,Road Damage,Medium,road damage appearing because of water seepage weakening the foundation.
The flooding on our street is because garbage has blocked the drain.,Sanitation,Garbage,Low,the flooding on our street is because garbage has blocked the drain.
"Garage area is overflowing and water is accumulating, need garbage cleared first.",Sanitation,Garbage,Low,"garage area is overflowing and water is accumulating, need garbage cleared first."
Streets are wet looking but its actually from continuous water pipe leak.,Water Supply,Leakage,High,streets are wet looking but its actually from continuous water pipe leak.
"Water pooling near market is from leaky pipe, vendors are assuming its drainage issue.",Water Supply,Leakage,High,"water pooling near market is from leaky pipe, vendors are assuming its drainage issue."
Road near factory appears flooded due to massive water wastage from broken main line.,Water Supply,Leakage,High,road near factory appears flooded due to massive water wastage from broken main line.
Urgent: Pipe burst has flooded the entire lane and water is entering houses.,Water Supply,Leakage,High,urgent pipe burst has flooded the entire lane and water is entering houses.
The road is submerged in shin-deep water from burst pipe near the cinema hall.,Water Supply,Leakage,High,the road is submerged in shindeep water from burst pipe near the cinema hall.
Water gushing like a fountain from cracked pipeline near the busy intersection.,Water Supply,Leakage,High,water gushing like a fountain from cracked pipeline near the busy intersection.
My shop is flooded because water is seeping from the municipal pipeline outside.,Water Supply,Leakage,High,my shop is flooded because water is seeping from the municipal pipeline outside.
Street flooding daily not due to rain but because of hidden underground pipe leak.,Water Supply,Leakage,High,street flooding daily not due to rain but because of hidden underground pipe leak.
"Old pipeline burst flooding the entire slum area, residents wading through water.",Water Supply,Leakage,High,"old pipeline burst flooding the entire slum area, residents wading through water."
"Power cut since 2 days means no water pumping, both problems need attention.",Electricity,Power Cut,High,"power cut since 2 days means no water pumping, both problems need attention."
Transformer failure causing power and subsequently water crisis in our area.,Electricity,Power Cut,High,transformer failure causing power and subsequently water crisis in our area.
"Electricity restored but water not coming, seems like pipeline issue separately.",Water Supply,Shortage,High,"electricity restored but water not coming, seems like pipeline issue separately."
"Water supply was fine but stopped when power cut happened, motor based supply.",Electricity,Power Cut,High,"water supply was fine but stopped when power cut happened, motor based supply."
"Local tanker filling point flooded due to pipe burst, tankers cannot fill now.",Water Supply,Leakage,High,"local tanker filling point flooded due to pipe burst, tankers cannot fill now."
"Water crisis here is not supply issue, its because underground pipe burst nearby.",Water Supply,Leakage,High,"water crisis here is not supply issue, its because underground pipe burst nearby."
"Large pothole exactly where the water pipe was repaired last month, poor patchwork.",Roads,Pothole,Medium,"large pothole exactly where the water pipe was repaired last month, poor patchwork."
Road has developed cracks above the location where water pipe runs underground.,Roads,Road Damage,Medium,road has developed cracks above the location where water pipe runs underground.
The garbage pile near drain is small but causing water to stagnate and smell.,Sanitation,Garbage,Low,the garbage pile near drain is small but causing water to stagnate and smell.
Minor garbage accumulation near temple but its attracting stray cattle daily.,Sanitation,Garbage,Low,minor garbage accumulation near temple but its attracting stray cattle daily.
Small amount of construction debris near our gate but been there for two weeks.,Sanitation,Garbage,Low,small amount of construction debris near our gate but been there for two weeks.
Just two bags of garbage left uncollected but attracting numerous flies and dogs.,Sanitation,Garbage,Low,just two bags of garbage left uncollected but attracting numerous flies and dogs.
Vegetable market generates daily waste that remains uncollected until evening.,Sanitation,Garbage,Low,vegetable market generates daily waste that remains uncollected until evening.
"The public bin replacement requested months ago still not done, old one overflows.",Sanitation,Garbage,Low,"the public bin replacement requested months ago still not done, old one overflows."
"Sweepers are irregular in our lane, garbage accumulates for days sometimes.",Sanitation,Garbage,Low,"sweepers are irregular in our lane, garbage accumulates for days sometimes."
Night market leaves behind garbage that morning collection doesnt fully clear.,Sanitation,Garbage,Low,night market leaves behind garbage that morning collection doesnt fully clear.
Fruit waste from juice stalls attracting bees and wasps near the garden entrance.,Sanitation,Garbage,Low,fruit waste from juice stalls attracting bees and wasps near the garden entrance.
Please increase garbage collection frequency during summer as waste rots faster.,Sanitation,Garbage,Low,please increase garbage collection frequency during summer as waste rots faster.
The door-to-door garbage collection has stopped in our gated community.,Sanitation,Garbage,Low,the doortodoor garbage collection has stopped in our gated community.
Old newspapers and cardboard piling at the corner because ragpicker hasnt come.,Sanitation,Garbage,Low,old newspapers and cardboard piling at the corner because ragpicker hasnt come.
Garbage situation overall okay but the one bin near the temple is always overflowing.,Sanitation,Garbage,Low,garbage situation overall okay but the one bin near the temple is always overflowing.
"Street sweeper absent without notice for a week now, who is the replacement?",Sanitation,Garbage,Low,"street sweeper absent without notice for a week now, who is the replacement?"
Mixed waste including sharp glass pieces near playground is a safety hazard.,Sanitation,Garbage,Low,mixed waste including sharp glass pieces near playground is a safety hazard.
Large leaves from neem tree blocking the drain because sweepers dont clean there.,Sanitation,Garbage,Low,large leaves from neem tree blocking the drain because sweepers dont clean there.
Festival season is over but remaining garbage from pandals still not removed.,Sanitation,Garbage,Low,festival season is over but remaining garbage from pandals still not removed.
"Garbage collection timing keeps changing, residents are confused when to put bins.",Sanitation,Garbage,Low,"garbage collection timing keeps changing, residents are confused when to put bins."
Coconut shells and fiber from nearby temple dumped on public land regularly.,Sanitation,Garbage,Low,coconut shells and fiber from nearby temple dumped on public land regularly.
"Stray dogs have torn open garbage bags near the vet clinic, ironic situation.",Sanitation,Garbage,Low,"stray dogs have torn open garbage bags near the vet clinic, ironic situation."
"Small localized garbage issue near the electric meter box, might cause fire.",Sanitation,Garbage,Low,"small localized garbage issue near the electric meter box, might cause fire."
The cleaning staff sprinkle water on dust but dont actually sweep it away.,Sanitation,Garbage,Low,the cleaning staff sprinkle water on dust but dont actually sweep it away.
Leaf litter from the avenue trees not being collected for composting as promised.,Sanitation,Garbage,Low,leaf litter from the avenue trees not being collected for composting as promised.
Shallow pothole developing right at the pedestrian crossing point near school.,Roads,Pothole,Medium,shallow pothole developing right at the pedestrian crossing point near school.
The repaired pothole has opened up again within one month of filling.,Roads,Pothole,Medium,the repaired pothole has opened up again within one month of filling.
"Bus wheel got stuck in deep pothole near the terminus, traffic blocked for hour.",Roads,Pothole,Medium,"bus wheel got stuck in deep pothole near the terminus, traffic blocked for hour."
"Rain revealing hidden potholes that were filled with loose mud, now exposed.",Roads,Pothole,Medium,"rain revealing hidden potholes that were filled with loose mud, now exposed."
Consecutive potholes making the road feel like a roller coaster ride.,Roads,Pothole,Medium,consecutive potholes making the road feel like a roller coaster ride.
"The colony secretarys car damaged by pothole, finally someone will complain now.",Roads,Pothole,Medium,"the colony secretarys car damaged by pothole, finally someone will complain now."
Small but deep pothole near the drain cover is a trap for two-wheelers.,Roads,Pothole,Medium,small but deep pothole near the drain cover is a trap for twowheelers.
Police barricaded the giant pothole but when will actual repair happen?,Roads,Pothole,Medium,police barricaded the giant pothole but when will actual repair happen?
New potholes forming near the under-construction metro station daily.,Roads,Pothole,Medium,new potholes forming near the underconstruction metro station daily.
"Water filled potholes becoming mini ponds, children are playing in them dangerously.",Roads,Pothole,Medium,"water filled potholes becoming mini ponds, children are playing in them dangerously."
Ambulance got stuck in pothole while carrying emergency patient to hospital.,Roads,Pothole,Medium,ambulance got stuck in pothole while carrying emergency patient to hospital.
Garbage truck avoiding potholes and thereby skipping our lane collection entirely.,Roads,Pothole,Medium,garbage truck avoiding potholes and thereby skipping our lane collection entirely.
The entire junction has crater like potholes from all four approach roads.,Roads,Pothole,Medium,the entire junction has crater like potholes from all four approach roads.
"Pothole filled with blue stone material but not tarred, it will wash away with rain.",Roads,Pothole,Medium,"pothole filled with blue stone material but not tarred, it will wash away with rain."
Electric cable exposed through crack in road surface near the power pole.,Roads,Road Damage,Medium,electric cable exposed through crack in road surface near the power pole.
Entire road section near the petrol pump has sunk due to underground pipe work.,Roads,Road Damage,Medium,entire road section near the petrol pump has sunk due to underground pipe work.
Road surface has become like washboard with ripples from heavy vehicle damage.,Roads,Road Damage,Medium,road surface has become like washboard with ripples from heavy vehicle damage.
"Bridge deck has developed severe longitudinal cracks, structural safety concern.",Roads,Road Damage,Medium,"bridge deck has developed severe longitudinal cracks, structural safety concern."
The road looks like puzzle pieces with cracks running in all directions.,Roads,Road Damage,Medium,the road looks like puzzle pieces with cracks running in all directions.
Approach road to the new township project is already damaged beyond repair.,Roads,Road Damage,Medium,approach road to the new township project is already damaged beyond repair.
Old concrete road has steel mesh exposed and rusting dangerously.,Roads,Road Damage,Medium,old concrete road has steel mesh exposed and rusting dangerously.
"Road damage report for third time this year at same location, permanent fix needed.",Roads,Road Damage,Medium,"road damage report for third time this year at same location, permanent fix needed."
The freshly laid asphalt is already showing signs of cracking near manhole.,Roads,Road Damage,Medium,the freshly laid asphalt is already showing signs of cracking near manhole.
"Speed breaker has broken into pieces, sharp concrete edges exposed now.",Roads,Road Damage,Medium,"speed breaker has broken into pieces, sharp concrete edges exposed now."
"Monthly power cuts have become too frequent, seems like infrastructure issue.",Electricity,Power Cut,High,"monthly power cuts have become too frequent, seems like infrastructure issue."
Every afternoon between 2-4 PM there is guaranteed power cut in our area.,Electricity,Power Cut,High,every afternoon between 24 pm there is guaranteed power cut in our area.
Scheduled load shedding announced but actual cuts are much longer than stated.,Electricity,Power Cut,High,scheduled load shedding announced but actual cuts are much longer than stated.
"The power line to our colony is overloaded, trips multiple times daily.",Electricity,Power Cut,High,"the power line to our colony is overloaded, trips multiple times daily."
"Sparking from electricity pole before power cut, potential fire hazard noticed.",Electricity,Power Cut,High,"sparking from electricity pole before power cut, potential fire hazard noticed."
"Revenue deficit cited for power cuts but we pay bills regularly, unfair.",Electricity,Power Cut,High,"revenue deficit cited for power cuts but we pay bills regularly, unfair."
"Night duty workers unable to sleep during day due to power cuts, affecting health.",Electricity,Power Cut,High,"night duty workers unable to sleep during day due to power cuts, affecting health."
"Commercial refrigeration failing due to power cuts, huge business losses daily.",Electricity,Power Cut,High,"commercial refrigeration failing due to power cuts, huge business losses daily."
The old wiring in our locality causes frequent faults and power outages.,Electricity,Power Cut,High,the old wiring in our locality causes frequent faults and power outages.
Power cut during cricket match finals caused by overload on local transformer.,Electricity,Power Cut,High,power cut during cricket match finals caused by overload on local transformer.
Dairy farmers losing milk production because cooling equipment cannot run.,Electricity,Power Cut,High,dairy farmers losing milk production because cooling equipment cannot run.
Welding shop and fabrication units closed due to continuous power failures.,Electricity,Power Cut,High,welding shop and fabrication units closed due to continuous power failures.
"Study room lamps and fans not working, board exam preparation severely hit.",Electricity,Power Cut,High,"study room lamps and fans not working, board exam preparation severely hit."
"Bank ATM has no power backup, cash withdrawal impossible during outages.",Electricity,Power Cut,High,"bank atm has no power backup, cash withdrawal impossible during outages."
Community water purifier RO plant cannot function without electricity.,Electricity,Power Cut,High,community water purifier ro plant cannot function without electricity.
"Power cut timing coincides with office hours, work from home impossible.",Electricity,Power Cut,High,"power cut timing coincides with office hours, work from home impossible."
The cable TV and internet routers dead mean complete disconnection during cuts.,Electricity,Power Cut,High,the cable tv and internet routers dead mean complete disconnection during cuts.
Elevator stuck thrice this week due to sudden power failures mid-operation.,Electricity,Power Cut,High,elevator stuck thrice this week due to sudden power failures midoperation.
Food delivery services affected because restaurants cannot operate during cuts.,Electricity,Power Cut,High,food delivery services affected because restaurants cannot operate during cuts.
Power restoration takes hours even after fault is reported immediately.,Electricity,Power Cut,High,power restoration takes hours even after fault is reported immediately.
Road near my house is completely flooded and broken because water keeps flowing nonstop from somewhere underground.,Water Supply,Leakage,High,road near my house is completely flooded and broken because water keeps flowing nonstop from somewhere underground.
"Due to constant water seepage, the road surface has collapsed and vehicles are getting stuck.",Water Supply,Leakage,High,"due to constant water seepage, the road surface has collapsed and vehicles are getting stuck."
Street has turned into a muddy mess after continuous water flow damaged the road layer.,Water Supply,Leakage,High,street has turned into a muddy mess after continuous water flow damaged the road layer.
Water is overflowing onto the road making potholes worse and traffic impossible.,Water Supply,Leakage,High,water is overflowing onto the road making potholes worse and traffic impossible.
No water in our building because the motor cannot run due to frequent power cuts.,Water Supply,Shortage,High,no water in our building because the motor cannot run due to frequent power cuts.
Residents are suffering without water as electricity keeps going off every few hours.,Water Supply,Shortage,High,residents are suffering without water as electricity keeps going off every few hours.
"We are getting water only when electricity comes briefly, otherwise taps stay dry.",Water Supply,Shortage,High,"we are getting water only when electricity comes briefly, otherwise taps stay dry."
Stagnant dirty water mixed with garbage is spreading bad smell in our street.,Sanitation,Garbage,Low,stagnant dirty water mixed with garbage is spreading bad smell in our street.
Garbage lying near leaking water pipe has created unhygienic conditions.,Sanitation,Garbage,Low,garbage lying near leaking water pipe has created unhygienic conditions.
Water accumulation due to waste blocking drains has become a health issue.,Sanitation,Garbage,Low,water accumulation due to waste blocking drains has become a health issue.
"The road surface is uneven with cracks everywhere, making driving extremely uncomfortable.",Roads,Road Damage,Medium,"the road surface is uneven with cracks everywhere, making driving extremely uncomfortable."
"Multiple depressions and broken patches have appeared, vehicles shake badly.",Roads,Road Damage,Medium,"multiple depressions and broken patches have appeared, vehicles shake badly."
There are several deep holes forming again and again after repairs.,Roads,Pothole,Medium,there are several deep holes forming again and again after repairs.
Road has partially sunk and looks like potholes but spread across the entire stretch.,Roads,Road Damage,Medium,road has partially sunk and looks like potholes but spread across the entire stretch.
Fans suddenly stop working multiple times a day without warning.,Electricity,Power Cut,High,fans suddenly stop working multiple times a day without warning.
Voltage keeps dropping and lights go off randomly for long periods.,Electricity,Power Cut,High,voltage keeps dropping and lights go off randomly for long periods.
Our appliances keep shutting down because supply is not stable.,Electricity,Power Cut,High,our appliances keep shutting down because supply is not stable.
Living conditions have become unbearable due to repeated civic failures.,Electricity,Power Cut,High,living conditions have become unbearable due to repeated civic failures.
Daily routine is badly affected because basic services are unreliable.,Water Supply,Shortage,High,daily routine is badly affected because basic services are unreliable.
Our locality feels neglected as problems keep piling up.,Roads,Road Damage,Medium,our locality feels neglected as problems keep piling up.
"Water pipe has broken near the railway station, causing severe flooding on platform approach road.",Water Supply,Leakage,High,"water pipe has broken near the railway station, causing severe flooding on platform approach road."
"Continuous water flow from damaged pipe near the vegetable mandi, vendors are complaining daily.",Water Supply,Leakage,High,"continuous water flow from damaged pipe near the vegetable mandi, vendors are complaining daily."
The main water line near Ambedkar Chowk has been leaking for over a week now.,Water Supply,Leakage,High,the main water line near ambedkar chowk has been leaking for over a week now.
"Burst pipe flooding the basement parking of our apartment, cars are getting damaged.",Water Supply,Leakage,High,"burst pipe flooding the basement parking of our apartment, cars are getting damaged."
Heavy seepage from underground pipeline making the footpath slippery and dangerous.,Water Supply,Leakage,High,heavy seepage from underground pipeline making the footpath slippery and dangerous.
"Water gushing out near the primary health centre, patients are struggling to enter.",Water Supply,Leakage,High,"water gushing out near the primary health centre, patients are struggling to enter."
Cracked water main near the gurudwara causing massive water wastage.,Water Supply,Leakage,High,cracked water main near the gurudwara causing massive water wastage.
Pipeline burst at the junction has created a small lake on the main road.,Water Supply,Leakage,High,pipeline burst at the junction has created a small lake on the main road.
"Leaking pipe near the electricity substation poses electrocution risk, very dangerous.",Water Supply,Leakage,High,"leaking pipe near the electricity substation poses electrocution risk, very dangerous."
Underground pipe leak has made our compound permanently muddy since weeks.,Water Supply,Leakage,High,underground pipe leak has made our compound permanently muddy since weeks.
The road near railway colony is always wet because of continuous pipe leakage.,Water Supply,Leakage,High,the road near railway colony is always wet because of continuous pipe leakage.
Burst water main near the stadium causing inconvenience during morning walks.,Water Supply,Leakage,High,burst water main near the stadium causing inconvenience during morning walks.
Overflowing water from cracked pipe entering the adjacent shop and damaging goods.,Water Supply,Leakage,High,overflowing water from cracked pipe entering the adjacent shop and damaging goods.
Severe leakage from the main distribution line affecting water pressure in entire block.,Water Supply,Leakage,High,severe leakage from the main distribution line affecting water pressure in entire block.
Pipeline damage near the ITI college has flooded the entire approach road.,Water Supply,Leakage,High,pipeline damage near the iti college has flooded the entire approach road.
Water seeping through pavement cracks near bus stand creating puddles everywhere.,Water Supply,Leakage,High,water seeping through pavement cracks near bus stand creating puddles everywhere.
Continuous dripping from overhead water pipe showering pedestrians below.,Water Supply,Leakage,High,continuous dripping from overhead water pipe showering pedestrians below.
Burst pipe near the cold storage causing water to flow onto goods loading area.,Water Supply,Leakage,High,burst pipe near the cold storage causing water to flow onto goods loading area.
Leaking water meter outside my house running continuously for five days.,Water Supply,Leakage,High,leaking water meter outside my house running continuously for five days.
Water gushing from road crack near the petrol pump making it hazardous for vehicles.,Water Supply,Leakage,High,water gushing from road crack near the petrol pump making it hazardous for vehicles.
"Pipeline burst flooding the lane behind the mosque, residents are very upset.",Water Supply,Leakage,High,"pipeline burst flooding the lane behind the mosque, residents are very upset."
Street flooded from burst pipe but corporation is saying it is drainage issue.,Water Supply,Leakage,High,street flooded from burst pipe but corporation is saying it is drainage issue.
Huge water wastage from broken standpipe near the slum rehabilitation colony.,Water Supply,Leakage,High,huge water wastage from broken standpipe near the slum rehabilitation colony.
Water overflow from damaged tank inlet creating waterfall on the road below.,Water Supply,Leakage,High,water overflow from damaged tank inlet creating waterfall on the road below.
Pipe joint failure near the SBI ATM causing water accumulation at the entrance.,Water Supply,Leakage,High,pipe joint failure near the sbi atm causing water accumulation at the entrance.
Continuous leakage from fire hydrant near the market has been ignored for months.,Water Supply,Leakage,High,continuous leakage from fire hydrant near the market has been ignored for months.
Underground pipe burst causing road to sink near the community hall.,Water Supply,Leakage,High,underground pipe burst causing road to sink near the community hall.
"Water seepage damaging the boundary wall of the government school, safety concern.",Water Supply,Leakage,High,"water seepage damaging the boundary wall of the government school, safety concern."
Main pipeline rupture flooding the lane where my shop is located.,Water Supply,Leakage,High,main pipeline rupture flooding the lane where my shop is located.
Broken water connection spraying water on passersby near the rickshaw stand.,Water Supply,Leakage,High,broken water connection spraying water on passersby near the rickshaw stand.
Water seepage from municipal line causing dampness in my ground floor house.,Water Supply,Leakage,High,water seepage from municipal line causing dampness in my ground floor house.
"Burst pipe creating mini waterfall near the temple steps, devotees are slipping.",Water Supply,Leakage,High,"burst pipe creating mini waterfall near the temple steps, devotees are slipping."
Leaking pipeline near the graveyard making the path extremely muddy.,Water Supply,Leakage,High,leaking pipeline near the graveyard making the path extremely muddy.
Heavy water flow from cracked main line near the cinema hall parking area.,Water Supply,Leakage,High,heavy water flow from cracked main line near the cinema hall parking area.
Underground leak has created sinkhole near the cooperative bank branch.,Water Supply,Leakage,High,underground leak has created sinkhole near the cooperative bank branch.
Continuous water wastage from damaged public tap near the ration shop.,Water Supply,Leakage,High,continuous water wastage from damaged public tap near the ration shop.
Pipeline crack causing water to mix with drain near the vegetable market.,Water Supply,Leakage,High,pipeline crack causing water to mix with drain near the vegetable market.
Water spraying from broken joint near the transformer causing short circuit fear.,Water Supply,Leakage,High,water spraying from broken joint near the transformer causing short circuit fear.
"Main road flooded from pipe burst, traffic police had to divert vehicles.",Water Supply,Leakage,High,"main road flooded from pipe burst, traffic police had to divert vehicles."
Waterlogged parking near our society entrance due to underground pipe damage.,Water Supply,Leakage,High,waterlogged parking near our society entrance due to underground pipe damage.
Leaking pipe near the aanganwadi center making it difficult for mothers to visit.,Water Supply,Leakage,High,leaking pipe near the aanganwadi center making it difficult for mothers to visit.
Burst water main has turned our colony road into a stream since three days.,Water Supply,Leakage,High,burst water main has turned our colony road into a stream since three days.
Water seepage from municipal line damaging foundation of century-old heritage building.,Water Supply,Leakage,High,water seepage from municipal line damaging foundation of centuryold heritage building.
Continuous leak from water meter pit flooding my gate entrance daily.,Water Supply,Leakage,High,continuous leak from water meter pit flooding my gate entrance daily.
Pipeline damage near the flour mill causing wheat to get wet and spoiled.,Water Supply,Leakage,High,pipeline damage near the flour mill causing wheat to get wet and spoiled.
Water gushing from cracked pipe near the auto stand making waiting area unusable.,Water Supply,Leakage,High,water gushing from cracked pipe near the auto stand making waiting area unusable.
Flooded lane due to pipe burst near the cooperative housing society.,Water Supply,Leakage,High,flooded lane due to pipe burst near the cooperative housing society.
Leaking overhead tank creating permanent wet patch on the road below.,Water Supply,Leakage,High,leaking overhead tank creating permanent wet patch on the road below.
Underground pipe leak detected from constant bubbling in the road surface.,Water Supply,Leakage,High,underground pipe leak detected from constant bubbling in the road surface.
Water waste from burst pipe could have supplied entire mohalla for days.,Water Supply,Leakage,High,water waste from burst pipe could have supplied entire mohalla for days.
"Taps have been completely dry in our colony since four days, this is inhuman.",Water Supply,Shortage,High,"taps have been completely dry in our colony since four days, this is inhuman."
"Zero water supply during the marriage season, how will we manage functions?",Water Supply,Shortage,High,"zero water supply during the marriage season, how will we manage functions?"
"No water coming despite motor running, the underground tank is completely empty.",Water Supply,Shortage,High,"no water coming despite motor running, the underground tank is completely empty."
Water crisis has forced us to postpone my daughters wedding by a week.,Water Supply,Shortage,High,water crisis has forced us to postpone my daughters wedding by a week.
"Not a single drop of water for three days, even animals are suffering.",Water Supply,Shortage,High,"not a single drop of water for three days, even animals are suffering."
"Complete water outage in Ward 23, thousands of families without water.",Water Supply,Shortage,High,"complete water outage in ward 23, thousands of families without water."
"Our taps run dry while neighboring ward gets water twice daily, this is injustice.",Water Supply,Shortage,High,"our taps run dry while neighboring ward gets water twice daily, this is injustice."
"Water tanker promised three times but never came, we are losing patience.",Water Supply,Shortage,High,"water tanker promised three times but never came, we are losing patience."
"Severe water shortage affecting the hostel, 500 students without water.",Water Supply,Shortage,High,"severe water shortage affecting the hostel, 500 students without water."
"The borewell has also dried up, and municipal supply is non-existent.",Water Supply,Shortage,High,"the borewell has also dried up, and municipal supply is nonexistent."
Water crisis forcing residents to leave their houses and stay elsewhere.,Water Supply,Shortage,High,water crisis forcing residents to leave their houses and stay elsewhere.
"No water for dialysis at home, patient health is deteriorating rapidly.",Water Supply,Shortage,High,"no water for dialysis at home, patient health is deteriorating rapidly."
"Pregnant woman in our house needs water urgently, taps are completely dry.",Water Supply,Shortage,High,"pregnant woman in our house needs water urgently, taps are completely dry."
"Water supply timing changed without notice, now we miss it due to work hours.",Water Supply,Shortage,High,"water supply timing changed without notice, now we miss it due to work hours."
"Tanker water is Rs 500 per tank, poor families cannot afford this daily.",Water Supply,Shortage,High,"tanker water is rs 500 per tank, poor families cannot afford this daily."
Factory workers going home without bathing because factory has no water supply.,Water Supply,Shortage,High,factory workers going home without bathing because factory has no water supply.
Restaurant had to close because there is no water to wash utensils or cook.,Water Supply,Shortage,High,restaurant had to close because there is no water to wash utensils or cook.
"School toilets have no water, children are avoiding using them all day.",Water Supply,Shortage,High,"school toilets have no water, children are avoiding using them all day."
Temple cannot perform rituals because water supply has stopped completely.,Water Supply,Shortage,High,temple cannot perform rituals because water supply has stopped completely.
"Water scarcity turning our locality into a desert, please help immediately.",Water Supply,Shortage,High,"water scarcity turning our locality into a desert, please help immediately."
"Zero pressure in taps even during supply hours, nothing comes out.",Water Supply,Shortage,High,"zero pressure in taps even during supply hours, nothing comes out."
"Water comes for only 20 minutes at 4 AM, impossible to fill tanks in this time.",Water Supply,Shortage,High,"water comes for only 20 minutes at 4 am, impossible to fill tanks in this time."
"Our overhead tank has been empty for a week, no water from corporation.",Water Supply,Shortage,High,"our overhead tank has been empty for a week, no water from corporation."
Water shortage is so severe that fights are breaking out at public taps.,Water Supply,Shortage,High,water shortage is so severe that fights are breaking out at public taps.
Neighborhood aunties standing in line for water since 5 AM without any supply yet.,Water Supply,Shortage,High,neighborhood aunties standing in line for water since 5 am without any supply yet.
"Our well has also dried, municipal water is our only hope and it has stopped.",Water Supply,Shortage,High,"our well has also dried, municipal water is our only hope and it has stopped."
"Water crisis affecting local dairy, buffaloes are not getting enough water.",Water Supply,Shortage,High,"water crisis affecting local dairy, buffaloes are not getting enough water."
"Kids are going to school without bathing, water shortage has reached crisis level.",Water Supply,Shortage,High,"kids are going to school without bathing, water shortage has reached crisis level."
Lodging facility had to turn away guests because there is no running water.,Water Supply,Shortage,High,lodging facility had to turn away guests because there is no running water.
Water shortage causing skin problems in children due to lack of proper bathing.,Water Supply,Shortage,High,water shortage causing skin problems in children due to lack of proper bathing.
"Cannot do laundry for past week, piled up dirty clothes and no water to wash.",Water Supply,Shortage,High,"cannot do laundry for past week, piled up dirty clothes and no water to wash."
Local sweet shop closed because water shortage means no production possible.,Water Supply,Shortage,High,local sweet shop closed because water shortage means no production possible.
Gym had to suspend operations as there is no water for showers or toilets.,Water Supply,Shortage,High,gym had to suspend operations as there is no water for showers or toilets.
Community kitchen for elderly cannot function without water supply.,Water Supply,Shortage,High,community kitchen for elderly cannot function without water supply.
Hospital asked to bring own water as they also face severe shortage.,Water Supply,Shortage,High,hospital asked to bring own water as they also face severe shortage.
"Water shortage has affected our poultry farm, birds are dying daily.",Water Supply,Shortage,High,"water shortage has affected our poultry farm, birds are dying daily."
"Queue for water tanker is 3 hours long, this is not sustainable life.",Water Supply,Shortage,High,"queue for water tanker is 3 hours long, this is not sustainable life."
"Mentally challenged family member at home needs constant care, water is essential.",Water Supply,Shortage,High,"mentally challenged family member at home needs constant care, water is essential."
Summer vacation but kids cannot play because they cannot bathe after playing.,Water Supply,Shortage,High,summer vacation but kids cannot play because they cannot bathe after playing.
Water pressure suddenly drops to zero in evening when everyone needs it most.,Water Supply,Shortage,High,water pressure suddenly drops to zero in evening when everyone needs it most.
"Our lane is systemically neglected, others get water while we get nothing.",Water Supply,Shortage,High,"our lane is systemically neglected, others get water while we get nothing."
Complete water failure in our apartment complex affecting 200 families.,Water Supply,Shortage,High,complete water failure in our apartment complex affecting 200 families.
"Tap makes loud noise but no water comes, the pipeline seems empty.",Water Supply,Shortage,High,"tap makes loud noise but no water comes, the pipeline seems empty."
"Water crisis in exam season, students cannot concentrate without basic facilities.",Water Supply,Shortage,High,"water crisis in exam season, students cannot concentrate without basic facilities."
Senior citizens in our mohalla walking to distant areas to fetch water.,Water Supply,Shortage,High,senior citizens in our mohalla walking to distant areas to fetch water.
"Public tap near our house has been dry for two weeks, when will this end?",Water Supply,Shortage,High,"public tap near our house has been dry for two weeks, when will this end?"
"No water supply notice was given, suddenly everything stopped yesterday.",Water Supply,Shortage,High,"no water supply notice was given, suddenly everything stopped yesterday."
Water tanker is selling water at exorbitant rates taking advantage of shortage.,Water Supply,Shortage,High,water tanker is selling water at exorbitant rates taking advantage of shortage.
Massive pothole near the petrol pump on NH 48 has caused five accidents this month.,Roads,Pothole,Medium,massive pothole near the petrol pump on nh 48 has caused five accidents this month.
Series of deep potholes on the bridge making crossing extremely risky.,Roads,Pothole,Medium,series of deep potholes on the bridge making crossing extremely risky.
"Pothole near the school gate filled with water, children falling into it daily.",Roads,Pothole,Medium,"pothole near the school gate filled with water, children falling into it daily."
The pothole near traffic signal is now so big that cars get stuck in it.,Roads,Pothole,Medium,the pothole near traffic signal is now so big that cars get stuck in it.
"Newly laid road already has potholes within two months, contractor should be held accountable.",Roads,Pothole,Medium,"newly laid road already has potholes within two months, contractor should be held accountable."
Potholes on the road to industrial area are damaging goods transport vehicles.,Roads,Pothole,Medium,potholes on the road to industrial area are damaging goods transport vehicles.
"Rickshaw overturned due to pothole near the vegetable market, passengers injured.",Roads,Pothole,Medium,"rickshaw overturned due to pothole near the vegetable market, passengers injured."
Pothole repair done with loose gravel which washed away in first rain.,Roads,Pothole,Medium,pothole repair done with loose gravel which washed away in first rain.
Multiple potholes near the dairy causing milk spills from delivery vehicles.,Roads,Pothole,Medium,multiple potholes near the dairy causing milk spills from delivery vehicles.
Dangerous pothole hidden under water during monsoon near the petrol pump.,Roads,Pothole,Medium,dangerous pothole hidden under water during monsoon near the petrol pump.
"My scooter tyre burst hitting pothole near the temple, please repair urgently.",Roads,Pothole,Medium,"my scooter tyre burst hitting pothole near the temple, please repair urgently."
Pothole so large near the bank that ATM van cannot park properly.,Roads,Pothole,Medium,pothole so large near the bank that atm van cannot park properly.
Series of potholes causing traffic jam every morning near the railway crossing.,Roads,Pothole,Medium,series of potholes causing traffic jam every morning near the railway crossing.
Pothole repair was done months ago but has reopened larger than before.,Roads,Pothole,Medium,pothole repair was done months ago but has reopened larger than before.
Ambulance driver complained about pothole damage while rushing patient.,Roads,Pothole,Medium,ambulance driver complained about pothole damage while rushing patient.
Chain of potholes from sector 5 to sector 8 making daily commute torture.,Roads,Pothole,Medium,chain of potholes from sector 5 to sector 8 making daily commute torture.
Pothole near the police station has been reported many times without action.,Roads,Pothole,Medium,pothole near the police station has been reported many times without action.
Deep pothole near the public toilet is very dangerous especially at night.,Roads,Pothole,Medium,deep pothole near the public toilet is very dangerous especially at night.
"Pothole damage has bent my car rim, who will compensate for this loss?",Roads,Pothole,Medium,"pothole damage has bent my car rim, who will compensate for this loss?"
"VIP road also has potholes now, even important roads are not maintained.",Roads,Pothole,Medium,"vip road also has potholes now, even important roads are not maintained."
Potholes near the college causing female students on two-wheelers to fall.,Roads,Pothole,Medium,potholes near the college causing female students on twowheelers to fall.
The road near temple is more pothole than road surface at this point.,Roads,Pothole,Medium,the road near temple is more pothole than road surface at this point.
Large pothole near the tea stall causing water splash on customers.,Roads,Pothole,Medium,large pothole near the tea stall causing water splash on customers.
Pothole near the childrens park entrance is hazard for parents with strollers.,Roads,Pothole,Medium,pothole near the childrens park entrance is hazard for parents with strollers.
Night driving near hospital is dangerous due to invisible potholes.,Roads,Pothole,Medium,night driving near hospital is dangerous due to invisible potholes.
"Pothole filled with sewage water near restaurant entrance, very unhygienic.",Roads,Pothole,Medium,"pothole filled with sewage water near restaurant entrance, very unhygienic."
Wedding procession had to change route due to pothole-filled main road.,Roads,Pothole,Medium,wedding procession had to change route due to potholefilled main road.
Pothole near the gym causing members to fall while entering on bikes.,Roads,Pothole,Medium,pothole near the gym causing members to fall while entering on bikes.
"Newspaper vendor bicycle damaged by pothole, daily income affected.",Roads,Pothole,Medium,"newspaper vendor bicycle damaged by pothole, daily income affected."
Pothole near the tuition center creating chaos during pickup time.,Roads,Pothole,Medium,pothole near the tuition center creating chaos during pickup time.
Bus conductor injured when bus hit deep pothole near the terminus.,Roads,Pothole,Medium,bus conductor injured when bus hit deep pothole near the terminus.
Pothole near the sabzi mandi causing carts to topple and vegetables to spill.,Roads,Pothole,Medium,pothole near the sabzi mandi causing carts to topple and vegetables to spill.
"Crater like pothole has formed near the overbridge pillar, structural concern.",Roads,Pothole,Medium,"crater like pothole has formed near the overbridge pillar, structural concern."
Daily milk delivery delayed because delivery boy avoids pothole-filled route.,Roads,Pothole,Medium,daily milk delivery delayed because delivery boy avoids potholefilled route.
Pothole right in front of my shop discouraging customers from entering.,Roads,Pothole,Medium,pothole right in front of my shop discouraging customers from entering.
Pothole near the wine shop causing traffic to slow down in evening.,Roads,Pothole,Medium,pothole near the wine shop causing traffic to slow down in evening.
Children cycling to school have fallen multiple times due to potholes.,Roads,Pothole,Medium,children cycling to school have fallen multiple times due to potholes.
Pothole near the bank ATM creating muddy pool that splashes on users.,Roads,Pothole,Medium,pothole near the bank atm creating muddy pool that splashes on users.
Old age home residents cannot go for walks due to pothole filled roads.,Roads,Pothole,Medium,old age home residents cannot go for walks due to pothole filled roads.
Pothole near the mobile tower has been ignored because its a remote area.,Roads,Pothole,Medium,pothole near the mobile tower has been ignored because its a remote area.
School van driver refuses to enter our lane due to multiple deep potholes.,Roads,Pothole,Medium,school van driver refuses to enter our lane due to multiple deep potholes.
Pothole caused accident between bike and auto near the cinema hall.,Roads,Pothole,Medium,pothole caused accident between bike and auto near the cinema hall.
Wedding cars damaged their decorations hitting potholes on main road.,Roads,Pothole,Medium,wedding cars damaged their decorations hitting potholes on main road.
"Postman cannot deliver to our lane, says pothole road damages his bicycle.",Roads,Pothole,Medium,"postman cannot deliver to our lane, says pothole road damages his bicycle."
Pothole near the playground means children cannot play football safely.,Roads,Pothole,Medium,pothole near the playground means children cannot play football safely.
Water tanker truck got stuck in pothole near our colony entrance.,Roads,Pothole,Medium,water tanker truck got stuck in pothole near our colony entrance.
Pothole near the chemist shop making medicine delivery by bike difficult.,Roads,Pothole,Medium,pothole near the chemist shop making medicine delivery by bike difficult.
Fire brigade delayed reaching fire due to pothole-filled approach road.,Roads,Pothole,Medium,fire brigade delayed reaching fire due to potholefilled approach road.
Pothole has grown into small ditch near the parking lot entrance.,Roads,Pothole,Medium,pothole has grown into small ditch near the parking lot entrance.
Election is coming and still no action on potholes in our ward.,Roads,Pothole,Medium,election is coming and still no action on potholes in our ward.
Road surface completely broken near the truck workshop due to heavy vehicles.,Roads,Road Damage,Medium,road surface completely broken near the truck workshop due to heavy vehicles.
Major cracks appearing on the newly constructed bridge deck surface.,Roads,Road Damage,Medium,major cracks appearing on the newly constructed bridge deck surface.
Entire stretch of road from bypass to colony entrance is in shambles.,Roads,Road Damage,Medium,entire stretch of road from bypass to colony entrance is in shambles.
Road damage has exposed underground cables creating electrocution risk.,Roads,Road Damage,Medium,road damage has exposed underground cables creating electrocution risk.
The road has broken into pieces near the flour mill loading area.,Roads,Road Damage,Medium,the road has broken into pieces near the flour mill loading area.
"Cracks on main road are widening daily, might collapse anytime soon.",Roads,Road Damage,Medium,"cracks on main road are widening daily, might collapse anytime soon."
Road surface peeling off near the cold storage due to heavy truck movement.,Roads,Road Damage,Medium,road surface peeling off near the cold storage due to heavy truck movement.
"Railway crossing approach road completely destroyed, vehicles getting stuck.",Roads,Road Damage,Medium,"railway crossing approach road completely destroyed, vehicles getting stuck."
"Speed breaker has broken exposing sharp concrete edges, very dangerous.",Roads,Road Damage,Medium,"speed breaker has broken exposing sharp concrete edges, very dangerous."
Road damage near the manhole has created dangerous depression in surface.,Roads,Road Damage,Medium,road damage near the manhole has created dangerous depression in surface.
Heavy rain has washed away entire road layer near the nullah crossing.,Roads,Road Damage,Medium,heavy rain has washed away entire road layer near the nullah crossing.
Road surface has sunk near the water tank creating visible depression.,Roads,Road Damage,Medium,road surface has sunk near the water tank creating visible depression.
Multiple cracks on road near government college making it look like jigsaw.,Roads,Road Damage,Medium,multiple cracks on road near government college making it look like jigsaw.
The approach road to the highway has completely disintegrated.,Roads,Road Damage,Medium,the approach road to the highway has completely disintegrated.
Road damage from pipeline laying work never repaired properly by contractor.,Roads,Road Damage,Medium,road damage from pipeline laying work never repaired properly by contractor.
Broken road surface near the bus depot causing delays in departure.,Roads,Road Damage,Medium,broken road surface near the bus depot causing delays in departure.
Street has turned into gravel path near the construction material depot.,Roads,Road Damage,Medium,street has turned into gravel path near the construction material depot.
Road eroded from sides near the open drain leaving narrow strip.,Roads,Road Damage,Medium,road eroded from sides near the open drain leaving narrow strip.
Heavy vehicle damage has made industrial estate road unmotorable.,Roads,Road Damage,Medium,heavy vehicle damage has made industrial estate road unmotorable.
The internal road of housing society has multiple broken patches.,Roads,Road Damage,Medium,the internal road of housing society has multiple broken patches.
Road near cremation ground is in terrible condition adding to families distress.,Roads,Road Damage,Medium,road near cremation ground is in terrible condition adding to families distress.
Tar road has turned into kachcha road near the brick kiln area.,Roads,Road Damage,Medium,tar road has turned into kachcha road near the brick kiln area.
Road damage exposes storm drain creating fall hazard for pedestrians.,Roads,Road Damage,Medium,road damage exposes storm drain creating fall hazard for pedestrians.
Service road along the highway is worse than the highway itself.,Roads,Road Damage,Medium,service road along the highway is worse than the highway itself.
Foundation of the road has weakened near the flyover pillar.,Roads,Road Damage,Medium,foundation of the road has weakened near the flyover pillar.
Multiple utility cuts have left permanent damage on the road surface.,Roads,Road Damage,Medium,multiple utility cuts have left permanent damage on the road surface.
Road connecting two wards has dangerous undulations throughout.,Roads,Road Damage,Medium,road connecting two wards has dangerous undulations throughout.
Broken road making it difficult for garbage trucks to reach our area.,Roads,Road Damage,Medium,broken road making it difficult for garbage trucks to reach our area.
Road near PHC is so damaged that patients are refusing to visit.,Roads,Road Damage,Medium,road near phc is so damaged that patients are refusing to visit.
Property rates have fallen due to poor road condition in our locality.,Roads,Road Damage,Medium,property rates have fallen due to poor road condition in our locality.
Road has developed washboard pattern near the speed breaker location.,Roads,Road Damage,Medium,road has developed washboard pattern near the speed breaker location.
Asphalt layer has completely worn off exposing base layer stones.,Roads,Road Damage,Medium,asphalt layer has completely worn off exposing base layer stones.
Road near the river bridge is crumbling from edges inwards.,Roads,Road Damage,Medium,road near the river bridge is crumbling from edges inwards.
Surface of the road is like moon surface with craters everywhere.,Roads,Road Damage,Medium,surface of the road is like moon surface with craters everywhere.
Road damage causing dust pollution affecting nearby residential area.,Roads,Road Damage,Medium,road damage causing dust pollution affecting nearby residential area.
The road contractor did substandard work and now surface is failing.,Roads,Road Damage,Medium,the road contractor did substandard work and now surface is failing.
Broken road pieces flying up and hitting vehicle undersides.,Roads,Road Damage,Medium,broken road pieces flying up and hitting vehicle undersides.
Road patch work quality is so poor it comes off after first rain.,Roads,Road Damage,Medium,road patch work quality is so poor it comes off after first rain.
Exposed rebar from concrete road causing tyre punctures daily.,Roads,Road Damage,Medium,exposed rebar from concrete road causing tyre punctures daily.
Road damage has made our street a no-go zone for private cars.,Roads,Road Damage,Medium,road damage has made our street a nogo zone for private cars.
Heavy waterlogging has softened and broken the road foundation.,Roads,Road Damage,Medium,heavy waterlogging has softened and broken the road foundation.
Road near the metro pillar has severe longitudinal cracks.,Roads,Road Damage,Medium,road near the metro pillar has severe longitudinal cracks.
Construction debris left on damaged road making it worse.,Roads,Road Damage,Medium,construction debris left on damaged road making it worse.
Road surface near temple has become dangerously uneven for elderly.,Roads,Road Damage,Medium,road surface near temple has become dangerously uneven for elderly.
The entire colony road needs reconstruction not just patch repairs.,Roads,Road Damage,Medium,the entire colony road needs reconstruction not just patch repairs.
Road damage near highway exit creating bottleneck during rush hour.,Roads,Road Damage,Medium,road damage near highway exit creating bottleneck during rush hour.
Approach road to government offices is embarrassingly damaged.,Roads,Road Damage,Medium,approach road to government offices is embarrassingly damaged.
Road has literally crumbled near the stone quarry vehicle route.,Roads,Road Damage,Medium,road has literally crumbled near the stone quarry vehicle route.
Broken road making garbage collection irregular in our area.,Roads,Road Damage,Medium,broken road making garbage collection irregular in our area.
Road damage from last year monsoon still not repaired properly.,Roads,Road Damage,Medium,road damage from last year monsoon still not repaired properly.
"Power cut since 6 AM and now its evening, what is happening with electricity?",Electricity,Power Cut,High,"power cut since 6 am and now its evening, what is happening with electricity?"
Transformer making loud humming noise before power went out completely.,Electricity,Power Cut,High,transformer making loud humming noise before power went out completely.
"Third power cut today alone, this is affecting my work from home badly.",Electricity,Power Cut,High,"third power cut today alone, this is affecting my work from home badly."
"No electricity for 8 hours, all the frozen food and milk has spoiled.",Electricity,Power Cut,High,"no electricity for 8 hours, all the frozen food and milk has spoiled."
"Power cut during peak summer heat, elderly patient at home is suffering.",Electricity,Power Cut,High,"power cut during peak summer heat, elderly patient at home is suffering."
Electricity sparking from pole before complete power failure occurred.,Electricity,Power Cut,High,electricity sparking from pole before complete power failure occurred.
UPSC aspirant cannot study for exams due to daily prolonged power cuts.,Electricity,Power Cut,High,upsc aspirant cannot study for exams due to daily prolonged power cuts.
"Power outage affecting the water pumping station, no water and no power.",Electricity,Power Cut,High,"power outage affecting the water pumping station, no water and no power."
Repeated power cuts have damaged my expensive air conditioner compressor.,Electricity,Power Cut,High,repeated power cuts have damaged my expensive air conditioner compressor.
"Electricity restored for 10 minutes then cut again, this cycle is frustrating.",Electricity,Power Cut,High,"electricity restored for 10 minutes then cut again, this cycle is frustrating."
Night shift workers unable to sleep during day due to power cuts and heat.,Electricity,Power Cut,High,night shift workers unable to sleep during day due to power cuts and heat.
Power cut during online banking transaction caused failed payment issues.,Electricity,Power Cut,High,power cut during online banking transaction caused failed payment issues.
"My oxygen concentrator stopped due to power cut, rushed to hospital.",Electricity,Power Cut,High,"my oxygen concentrator stopped due to power cut, rushed to hospital."
Factory had to send workers home with half wages due to power failure.,Electricity,Power Cut,High,factory had to send workers home with half wages due to power failure.
Power cut affecting traffic signals causing accidents at major junctions.,Electricity,Power Cut,High,power cut affecting traffic signals causing accidents at major junctions.
Our area seems to be on permanent load shedding schedule without notice.,Electricity,Power Cut,High,our area seems to be on permanent load shedding schedule without notice.
"Electricity department number constantly busy, cannot report the outage.",Electricity,Power Cut,High,"electricity department number constantly busy, cannot report the outage."
Power came back with high voltage damaging multiple appliances in house.,Electricity,Power Cut,High,power came back with high voltage damaging multiple appliances in house.
Complete blackout in our sector for second consecutive night.,Electricity,Power Cut,High,complete blackout in our sector for second consecutive night.
"Power cut affecting milk chilling plant, farmers are losing produce.",Electricity,Power Cut,High,"power cut affecting milk chilling plant, farmers are losing produce."
"Street lights out for a week now, colony has become unsafe after dark.",Electricity,Power Cut,High,"street lights out for a week now, colony has become unsafe after dark."
"Electricity meter showing supply but no power in house, technical fault.",Electricity,Power Cut,High,"electricity meter showing supply but no power in house, technical fault."
Power theft in our area causing transformer to trip frequently.,Electricity,Power Cut,High,power theft in our area causing transformer to trip frequently.
"Hospital on backup generator for too long, main power not restored yet.",Electricity,Power Cut,High,"hospital on backup generator for too long, main power not restored yet."
"Power cut during religious ceremony at home, very inauspicious timing.",Electricity,Power Cut,High,"power cut during religious ceremony at home, very inauspicious timing."
"My paralyzed father needs electric bed adjustment, power cut is torture.",Electricity,Power Cut,High,"my paralyzed father needs electric bed adjustment, power cut is torture."
Bakery had to throw entire batch of dough due to sudden power failure.,Electricity,Power Cut,High,bakery had to throw entire batch of dough due to sudden power failure.
"Power cut affecting coaching classes, hundreds of students sent home.",Electricity,Power Cut,High,"power cut affecting coaching classes, hundreds of students sent home."
"Electric vehicle cannot charge due to power cuts, unable to go to office.",Electricity,Power Cut,High,"electric vehicle cannot charge due to power cuts, unable to go to office."
"CPAP machine user cannot sleep without electricity, medical emergency.",Electricity,Power Cut,High,"cpap machine user cannot sleep without electricity, medical emergency."
Power cut during cricket match final over caused neighborhood uproar.,Electricity,Power Cut,High,power cut during cricket match final over caused neighborhood uproar.
"Milk booth refrigerator failed due to power cut, entire stock wasted.",Electricity,Power Cut,High,"milk booth refrigerator failed due to power cut, entire stock wasted."
Poultry farm birds dying due to ventilation failure from power outage.,Electricity,Power Cut,High,poultry farm birds dying due to ventilation failure from power outage.
"Power restoration taking too long, lineman came and left without fixing.",Electricity,Power Cut,High,"power restoration taking too long, lineman came and left without fixing."
Electricity bill is paid but power cut is longer in our area than others.,Electricity,Power Cut,High,electricity bill is paid but power cut is longer in our area than others.
Transformer replacement pending for months causing frequent outages.,Electricity,Power Cut,High,transformer replacement pending for months causing frequent outages.
"Power cut every time it rains slightly, infrastructure is very weak.",Electricity,Power Cut,High,"power cut every time it rains slightly, infrastructure is very weak."
Night guard cannot do duty properly as street and compound lights are off.,Electricity,Power Cut,High,night guard cannot do duty properly as street and compound lights are off.
Cold storage medicines at risk due to prolonged electricity failure.,Electricity,Power Cut,High,cold storage medicines at risk due to prolonged electricity failure.
"Inverter batteries dead from overuse, main power still not restored.",Electricity,Power Cut,High,"inverter batteries dead from overuse, main power still not restored."
"Power fluctuation warning light blinking, then complete blackout occurred.",Electricity,Power Cut,High,"power fluctuation warning light blinking, then complete blackout occurred."
"Saree shop cannot show products to customers without light, losing sales.",Electricity,Power Cut,High,"saree shop cannot show products to customers without light, losing sales."
Printing press deadline missed because power cut stopped production.,Electricity,Power Cut,High,printing press deadline missed because power cut stopped production.
Air pollution inside house increasing due to no exhaust fan operation.,Electricity,Power Cut,High,air pollution inside house increasing due to no exhaust fan operation.
"Elevator stuck between floors during power cut, people trapped inside.",Electricity,Power Cut,High,"elevator stuck between floors during power cut, people trapped inside."
"Power cut during child delivery at home, had to rush to hospital.",Electricity,Power Cut,High,"power cut during child delivery at home, had to rush to hospital."
Generator diesel cost is becoming unbearable due to daily power cuts.,Electricity,Power Cut,High,generator diesel cost is becoming unbearable due to daily power cuts.
"Security alarm system not working due to power failure, theft fear.",Electricity,Power Cut,High,"security alarm system not working due to power failure, theft fear."
"Power cut has shut down community RO water filter, no clean water now.",Electricity,Power Cut,High,"power cut has shut down community ro water filter, no clean water now."
Voltage stabilizers also failing to protect against these power surges.,Electricity,Power Cut,High,voltage stabilizers also failing to protect against these power surges.
Massive garbage pile behind the community hall attracting rats and snakes.,Sanitation,Garbage,Low,massive garbage pile behind the community hall attracting rats and snakes.
Garbage van comes but leaves half the garbage uncollected every time.,Sanitation,Garbage,Low,garbage van comes but leaves half the garbage uncollected every time.
Open burning of garbage near the school causing respiratory issues in children.,Sanitation,Garbage,Low,open burning of garbage near the school causing respiratory issues in children.
Dustbin at market entrance has not been emptied for over a week now.,Sanitation,Garbage,Low,dustbin at market entrance has not been emptied for over a week now.
Stray cattle eating garbage and scattering it on the main road.,Sanitation,Garbage,Low,stray cattle eating garbage and scattering it on the main road.
Garbage collector demanding monthly bribe to collect from our house.,Sanitation,Garbage,Low,garbage collector demanding monthly bribe to collect from our house.
Construction debris mixed with domestic waste blocking entire lane.,Sanitation,Garbage,Low,construction debris mixed with domestic waste blocking entire lane.
Garbage dump near water pipe could contaminate drinking water source.,Sanitation,Garbage,Low,garbage dump near water pipe could contaminate drinking water source.
Flies from nearby garbage dump entering kitchen and causing hygiene issues.,Sanitation,Garbage,Low,flies from nearby garbage dump entering kitchen and causing hygiene issues.
Street sweeper completely skips our lane saying it is not in his duty area.,Sanitation,Garbage,Low,street sweeper completely skips our lane saying it is not in his duty area.
"Dead dog carcass left in garbage pile for three days, unbearable stench.",Sanitation,Garbage,Low,"dead dog carcass left in garbage pile for three days, unbearable stench."
Garbage collection timing is 5 AM which is too early for working people.,Sanitation,Garbage,Low,garbage collection timing is 5 am which is too early for working people.
Public toilet garbage being dumped near residential area openly.,Sanitation,Garbage,Low,public toilet garbage being dumped near residential area openly.
Bamboo and wedding decoration waste clogging the entire street drain.,Sanitation,Garbage,Low,bamboo and wedding decoration waste clogging the entire street drain.
"Meat shop waste thrown openly near vegetarian restaurant, very offensive.",Sanitation,Garbage,Low,"meat shop waste thrown openly near vegetarian restaurant, very offensive."
Garbage truck leaking foul smelling liquid on road while passing.,Sanitation,Garbage,Low,garbage truck leaking foul smelling liquid on road while passing.
"Hospital waste seen mixed with regular garbage near PHC, very dangerous.",Sanitation,Garbage,Low,"hospital waste seen mixed with regular garbage near phc, very dangerous."
Garbage pile near school gate forcing children to hold nose while entering.,Sanitation,Garbage,Low,garbage pile near school gate forcing children to hold nose while entering.
"Sanitation workers on strike, garbage accumulating since five days.",Sanitation,Garbage,Low,"sanitation workers on strike, garbage accumulating since five days."
Plastic waste from packaging factory dumped illegally near our colony.,Sanitation,Garbage,Low,plastic waste from packaging factory dumped illegally near our colony.
Garbage from marriage function left on road for three days after event.,Sanitation,Garbage,Low,garbage from marriage function left on road for three days after event.
Stray pigs have made the garbage dump their permanent residence.,Sanitation,Garbage,Low,stray pigs have made the garbage dump their permanent residence.
Rag pickers scattering garbage while searching for recyclables.,Sanitation,Garbage,Low,rag pickers scattering garbage while searching for recyclables.
Sweeper uses our wall corner as garbage collection point without permission.,Sanitation,Garbage,Low,sweeper uses our wall corner as garbage collection point without permission.
"Broken public dustbin lying on ground, garbage spreading everywhere.",Sanitation,Garbage,Low,"broken public dustbin lying on ground, garbage spreading everywhere."
Garbage from weekly market not cleared even two days after market day.,Sanitation,Garbage,Low,garbage from weekly market not cleared even two days after market day.
Vermicompost pit in park has become open garbage dump.,Sanitation,Garbage,Low,vermicompost pit in park has become open garbage dump.
Glass bottles and sharp items in garbage pile near playground hazardous.,Sanitation,Garbage,Low,glass bottles and sharp items in garbage pile near playground hazardous.
Garbage burning smoke entering hospital ward through windows.,Sanitation,Garbage,Low,garbage burning smoke entering hospital ward through windows.
E-waste monitors dumped openly near electrical shop creating toxic hazard.,Sanitation,Garbage,Low,ewaste monitors dumped openly near electrical shop creating toxic hazard.
"Garbage collection point too close to temple, devotees are offended.",Sanitation,Garbage,Low,"garbage collection point too close to temple, devotees are offended."
Vegetable waste rotting in sun creating maggot infestation in market area.,Sanitation,Garbage,Low,vegetable waste rotting in sun creating maggot infestation in market area.
"Garbage compactor truck has been broken for weeks, manual collection insufficient.",Sanitation,Garbage,Low,"garbage compactor truck has been broken for weeks, manual collection insufficient."
River bank garbage dump polluting water used for cremation rituals.,Sanitation,Garbage,Low,river bank garbage dump polluting water used for cremation rituals.
Garbage segregation bins provided but collectors mix everything anyway.,Sanitation,Garbage,Low,garbage segregation bins provided but collectors mix everything anyway.
Street food vendor waste creating hygiene problem near busy junction.,Sanitation,Garbage,Low,street food vendor waste creating hygiene problem near busy junction.
Tyre and rubber waste burning near colony releasing toxic black smoke.,Sanitation,Garbage,Low,tyre and rubber waste burning near colony releasing toxic black smoke.
"Garbage heap blocking emergency exit of community hall, safety hazard.",Sanitation,Garbage,Low,"garbage heap blocking emergency exit of community hall, safety hazard."
Fruit market waste attracting thousands of fruit flies to nearby houses.,Sanitation,Garbage,Low,fruit market waste attracting thousands of fruit flies to nearby houses.
Coconut shells from temple dumped on road daily by devotees.,Sanitation,Garbage,Low,coconut shells from temple dumped on road daily by devotees.
"Garbage truck driver refuses to enter narrow lane, we have to carry garbage out.",Sanitation,Garbage,Low,"garbage truck driver refuses to enter narrow lane, we have to carry garbage out."
"Slaughterhouse waste disposal is improper, blood and parts visible near drain.",Sanitation,Garbage,Low,"slaughterhouse waste disposal is improper, blood and parts visible near drain."
Garbage collection happens only on rainy days when we cannot put out garbage.,Sanitation,Garbage,Low,garbage collection happens only on rainy days when we cannot put out garbage.
"Public urinal garbage not cleaned, women avoiding area completely.",Sanitation,Garbage,Low,"public urinal garbage not cleaned, women avoiding area completely."
Heap of dried leaves potential fire hazard near petrol pump.,Sanitation,Garbage,Low,heap of dried leaves potential fire hazard near petrol pump.
"Garbage collectors fighting among themselves about territory, our area neglected.",Sanitation,Garbage,Low,"garbage collectors fighting among themselves about territory, our area neglected."
Paper and cardboard waste flying in wind from open garbage truck.,Sanitation,Garbage,Low,paper and cardboard waste flying in wind from open garbage truck.
Thermocol packaging waste from electronics shop clogging storm drain.,Sanitation,Garbage,Low,thermocol packaging waste from electronics shop clogging storm drain.
Garbage smell forcing shopkeepers to close during afternoon hours.,Sanitation,Garbage,Low,garbage smell forcing shopkeepers to close during afternoon hours.
Night garbage dumping by unknown people turning our vacant plot into dump.,Sanitation,Garbage,Low,night garbage dumping by unknown people turning our vacant plot into dump.
"Underground pipe cracked, clear water flooding the street and going waste continuously.",Water Supply,Leakage,High,"underground pipe cracked, clear water flooding the street and going waste continuously."
"Main valve damaged flooding entire lane, this is water pipe burst not rain.",Water Supply,Leakage,High,"main valve damaged flooding entire lane, this is water pipe burst not rain."
"Water spraying onto road from cracked joint, creating dangerous slippery surface.",Water Supply,Leakage,High,"water spraying onto road from cracked joint, creating dangerous slippery surface."
"Flooded area is from municipal water pipe burst, needs immediate pipe repair.",Water Supply,Leakage,High,"flooded area is from municipal water pipe burst, needs immediate pipe repair."
Our lane looks like river but cause is pipe leakage not drainage blockage.,Water Supply,Leakage,High,our lane looks like river but cause is pipe leakage not drainage blockage.
Road flooded near market but its clean water from burst municipal pipe.,Water Supply,Leakage,High,road flooded near market but its clean water from burst municipal pipe.
Water from burst pipe entering shops and damaging goods daily.,Water Supply,Leakage,High,water from burst pipe entering shops and damaging goods daily.
"Pipeline leaking into drain, both water waste and contamination happening.",Water Supply,Leakage,High,"pipeline leaking into drain, both water waste and contamination happening."
Underground leak suspected as road is always wet despite no rain.,Water Supply,Leakage,High,underground leak suspected as road is always wet despite no rain.
"Water meter pit overflowing continuously, internal pipe must be damaged.",Water Supply,Leakage,High,"water meter pit overflowing continuously, internal pipe must be damaged."
"Clear water flooding means pipe burst, murky water would mean drainage issue.",Water Supply,Leakage,High,"clear water flooding means pipe burst, murky water would mean drainage issue."
"Stream of water flowing from unknown source under the road, probably pipe leak.",Water Supply,Leakage,High,"stream of water flowing from unknown source under the road, probably pipe leak."
Basement parking flooded with fresh water from burst underground main.,Water Supply,Leakage,High,basement parking flooded with fresh water from burst underground main.
Wet patches appearing on road surface indicating underground pipe seepage.,Water Supply,Leakage,High,wet patches appearing on road surface indicating underground pipe seepage.
Compound wall collapsed due to continuous water seepage from adjacent municipal pipe.,Water Supply,Leakage,High,compound wall collapsed due to continuous water seepage from adjacent municipal pipe.
Water crisis here not because of supply issue but because pipe burst upstream.,Water Supply,Leakage,High,water crisis here not because of supply issue but because pipe burst upstream.
Our pump runs but no water because all water leaking from pipe before reaching us.,Water Supply,Leakage,High,our pump runs but no water because all water leaking from pipe before reaching us.
Flooded road with clear water suggests water main issue not sewage overflow.,Water Supply,Leakage,High,flooded road with clear water suggests water main issue not sewage overflow.
Water pooling near shop is from broken water connection not rain accumulation.,Water Supply,Leakage,High,water pooling near shop is from broken water connection not rain accumulation.
"Road near our gate always wet from continuous water leak, creating moss growth.",Water Supply,Leakage,High,"road near our gate always wet from continuous water leak, creating moss growth."
Power outage means motor pump cannot run so no water in taps upstairs.,Electricity,Power Cut,High,power outage means motor pump cannot run so no water in taps upstairs.
"Without electricity our borewell is useless, facing water crisis due to power cut.",Electricity,Power Cut,High,"without electricity our borewell is useless, facing water crisis due to power cut."
Society water tank empty because power cut stopped pump from filling it.,Electricity,Power Cut,High,society water tank empty because power cut stopped pump from filling it.
Power cut affected water supply as our area depends on electric pump house.,Electricity,Power Cut,High,power cut affected water supply as our area depends on electric pump house.
Dual problem - no electricity and therefore no water either in our building.,Electricity,Power Cut,High,dual problem  no electricity and therefore no water either in our building.
"Submersible pump cannot run without electricity, water crisis secondary to power cut.",Electricity,Power Cut,High,"submersible pump cannot run without electricity, water crisis secondary to power cut."
"Municipal pump house not working due to power failure, entire ward without water.",Electricity,Power Cut,High,"municipal pump house not working due to power failure, entire ward without water."
"Water problem in our area is actually power problem, pumping station has no electricity.",Electricity,Power Cut,High,"water problem in our area is actually power problem, pumping station has no electricity."
"Continuous power cuts mean water motor runs only few hours, tanks never fill fully.",Electricity,Power Cut,High,"continuous power cuts mean water motor runs only few hours, tanks never fill fully."
Electricity failure cascading into water crisis as overhead tanks are empty.,Electricity,Power Cut,High,electricity failure cascading into water crisis as overhead tanks are empty.
The pothole combined with water accumulation is causing road surface to break further.,Roads,Pothole,Medium,the pothole combined with water accumulation is causing road surface to break further.
Pothole near drain is collecting water and becoming deeper each day.,Roads,Pothole,Medium,pothole near drain is collecting water and becoming deeper each day.
Water leakage has created potholes in what was previously good road.,Roads,Pothole,Medium,water leakage has created potholes in what was previously good road.
Pothole turning into road damage as edges are crumbling and spreading.,Roads,Pothole,Medium,pothole turning into road damage as edges are crumbling and spreading.
Multiple potholes have merged forming large broken patch on road.,Roads,Pothole,Medium,multiple potholes have merged forming large broken patch on road.
What started as potholes has now become complete road surface failure.,Roads,Road Damage,Medium,what started as potholes has now become complete road surface failure.
Road has both potholes and large cracked sections needing separate repairs.,Roads,Road Damage,Medium,road has both potholes and large cracked sections needing separate repairs.
Pothole repair was so bad it caused additional road damage around it.,Roads,Road Damage,Medium,pothole repair was so bad it caused additional road damage around it.
Entire stretch has mixture of potholes craters and broken surface areas.,Roads,Road Damage,Medium,entire stretch has mixture of potholes craters and broken surface areas.
"Road structure seems compromised, not just surface potholes anymore.",Roads,Road Damage,Medium,"road structure seems compromised, not just surface potholes anymore."
Garbage pile blocking water flow causing waterlogging near my shop.,Sanitation,Garbage,Low,garbage pile blocking water flow causing waterlogging near my shop.
Drain clogged with garbage causing water to overflow onto road.,Sanitation,Garbage,Low,drain clogged with garbage causing water to overflow onto road.
Garbage and water stagnation together creating mosquito breeding ground.,Sanitation,Garbage,Low,garbage and water stagnation together creating mosquito breeding ground.
Water cannot drain because garbage has blocked all the drain outlets.,Sanitation,Garbage,Low,water cannot drain because garbage has blocked all the drain outlets.
Rotting garbage in stagnant water creating unbearable stench in summer.,Sanitation,Garbage,Low,rotting garbage in stagnant water creating unbearable stench in summer.
Kindly note the road is flooded due to water pipeline damage not due to garbage in drain.,Water Supply,Leakage,High,kindly note the road is flooded due to water pipeline damage not due to garbage in drain.
"Water on street is clean water from pipe burst, garbage in drain is separate issue.",Water Supply,Leakage,High,"water on street is clean water from pipe burst, garbage in drain is separate issue."
"The flooding near market is from water main burst, not related to garbage or drainage.",Water Supply,Leakage,High,"the flooding near market is from water main burst, not related to garbage or drainage."
"Clear running water on road indicates pipe leakage, needs water department attention.",Water Supply,Leakage,High,"clear running water on road indicates pipe leakage, needs water department attention."
"Water gushing from ground means pipe damage, this is not surface water accumulation.",Water Supply,Leakage,High,"water gushing from ground means pipe damage, this is not surface water accumulation."
"Pipe burst causing water crisis in downstream areas, we have water but its all leaking.",Water Supply,Leakage,High,"pipe burst causing water crisis in downstream areas, we have water but its all leaking."
Less water pressure in taps because main line is leaking somewhere upstream.,Water Supply,Leakage,High,less water pressure in taps because main line is leaking somewhere upstream.
Water shortage and water leakage both present - less supply and that too is leaking.,Water Supply,Leakage,High,water shortage and water leakage both present  less supply and that too is leaking.
"Our water problem is because pipeline is damaged, not because corporation stopped supply.",Water Supply,Leakage,High,"our water problem is because pipeline is damaged, not because corporation stopped supply."
"Supply tanker water also leaking from burst pipe, wastage at both ends.",Water Supply,Leakage,High,"supply tanker water also leaking from burst pipe, wastage at both ends."
Power restored but voltage is fluctuating badly damaging appliances.,Electricity,Power Cut,High,power restored but voltage is fluctuating badly damaging appliances.
Partial power - some rooms have electricity others dont after restoration.,Electricity,Power Cut,High,partial power  some rooms have electricity others dont after restoration.
Power came back but went again within 5 minutes repeatedly happening.,Electricity,Power Cut,High,power came back but went again within 5 minutes repeatedly happening.
"Main switch tripping after power restoration, internal fault suspected.",Electricity,Power Cut,High,"main switch tripping after power restoration, internal fault suspected."
Power restored to neighbors but not to our building specifically.,Electricity,Power Cut,High,power restored to neighbors but not to our building specifically.
Low voltage since power return making fan run slowly and AC not start.,Electricity,Power Cut,High,low voltage since power return making fan run slowly and ac not start.
Single phase restored but three phase equipment still not working.,Electricity,Power Cut,High,single phase restored but three phase equipment still not working.
Street lights working but our house connection has no power still.,Electricity,Power Cut,High,street lights working but our house connection has no power still.
Power flickering on and off causing problems worse than complete outage.,Electricity,Power Cut,High,power flickering on and off causing problems worse than complete outage.
Electricity humming sound in meter box but no actual power in house.,Electricity,Power Cut,High,electricity humming sound in meter box but no actual power in house.
Deep pothole combined with broken road edges all around making it worse.,Roads,Pothole,Medium,deep pothole combined with broken road edges all around making it worse.
Pothole has cracks extending from it in all directions like spider web.,Roads,Pothole,Medium,pothole has cracks extending from it in all directions like spider web.
Pothole location also has depression suggesting foundation damage.,Roads,Pothole,Medium,pothole location also has depression suggesting foundation damage.
Large pothole with broken concrete pieces around it creating hazard.,Roads,Pothole,Medium,large pothole with broken concrete pieces around it creating hazard.
Pothole deeper at center and cracked surface surrounding it.,Roads,Pothole,Medium,pothole deeper at center and cracked surface surrounding it.
Road surface broken in patches with several individual potholes too.,Roads,Road Damage,Medium,road surface broken in patches with several individual potholes too.
Combination of road damage and specific potholes requiring different repairs.,Roads,Road Damage,Medium,combination of road damage and specific potholes requiring different repairs.
Damaged road with pothole clusters at multiple points along the stretch.,Roads,Road Damage,Medium,damaged road with pothole clusters at multiple points along the stretch.
Overall road surface deteriorated with prominent potholes at junctions.,Roads,Road Damage,Medium,overall road surface deteriorated with prominent potholes at junctions.
Bad road condition throughout with especialy dangerous potholes near corners.,Roads,Road Damage,Medium,bad road condition throughout with especialy dangerous potholes near corners.
Garbage dump attracting stray animals which then scatter waste everywhere.,Sanitation,Garbage,Low,garbage dump attracting stray animals which then scatter waste everywhere.
Birds picking garbage and dropping pieces on nearby balconies.,Sanitation,Garbage,Low,birds picking garbage and dropping pieces on nearby balconies.
Garbage smell mixing with food smell near restaurant making it worse.,Sanitation,Garbage,Low,garbage smell mixing with food smell near restaurant making it worse.
Sweeper piles garbage near my shop instead of taking to collection point.,Sanitation,Garbage,Low,sweeper piles garbage near my shop instead of taking to collection point.
Domestic garbage and construction debris mixed together left on footpath.,Sanitation,Garbage,Low,domestic garbage and construction debris mixed together left on footpath.
"Garbage bin capacity insufficient for our lane, always overflowing.",Sanitation,Garbage,Low,"garbage bin capacity insufficient for our lane, always overflowing."
Collection vehicle came but skipped our garbage bin and left.,Sanitation,Garbage,Low,collection vehicle came but skipped our garbage bin and left.
Weekend garbage not collected now piled up creating mess.,Sanitation,Garbage,Low,weekend garbage not collected now piled up creating mess.
Festival decoration garbage from five days ago still lying uncollected.,Sanitation,Garbage,Low,festival decoration garbage from five days ago still lying uncollected.
Nobody knows garbage collection schedule in our new layout area.,Sanitation,Garbage,Low,nobody knows garbage collection schedule in our new layout area.
Main water line burst and water gushing like fountain near the crossroad.,Water Supply,Leakage,High,main water line burst and water gushing like fountain near the crossroad.
Pipe repair work done last week has started leaking again from same joint.,Water Supply,Leakage,High,pipe repair work done last week has started leaking again from same joint.
Water flowing from somewhere underground creating bubbles in road tar.,Water Supply,Leakage,High,water flowing from somewhere underground creating bubbles in road tar.
Heavy seepage from pipe joint flooding the entire temple compound.,Water Supply,Leakage,High,heavy seepage from pipe joint flooding the entire temple compound.
Broken fire hydrant spraying water like geyser near commercial complex.,Water Supply,Leakage,High,broken fire hydrant spraying water like geyser near commercial complex.
Water meter area constantly wet indicating leak in connection pipe.,Water Supply,Leakage,High,water meter area constantly wet indicating leak in connection pipe.
Main pipeline making gurgling sound and water appearing on road surface.,Water Supply,Leakage,High,main pipeline making gurgling sound and water appearing on road surface.
Leak from water tank inlet valve flooding the building terrace.,Water Supply,Leakage,High,leak from water tank inlet valve flooding the building terrace.
Pipe burst aftermath - road still waterlogged despite repair being done.,Water Supply,Leakage,High,pipe burst aftermath  road still waterlogged despite repair being done.
New crack in old pipeline causing fresh leakage near market gate.,Water Supply,Leakage,High,new crack in old pipeline causing fresh leakage near market gate.
"Tanker water is not reaching because pipes empty, what is the use of tanker.",Water Supply,Shortage,High,"tanker water is not reaching because pipes empty, what is the use of tanker."
Even hand pump has dried up and municipal supply is zero.,Water Supply,Shortage,High,even hand pump has dried up and municipal supply is zero.
Water connection exists but nothing flows from tap since three days.,Water Supply,Shortage,High,water connection exists but nothing flows from tap since three days.
Paid full water tax but getting zero drops in return from corporation.,Water Supply,Shortage,High,paid full water tax but getting zero drops in return from corporation.
Summer peak and water supply at lowest - wrong priorities by department.,Water Supply,Shortage,High,summer peak and water supply at lowest  wrong priorities by department.
New connection promised but old connections also not getting water now.,Water Supply,Shortage,High,new connection promised but old connections also not getting water now.
Overhead tank water level indicator showing empty for past week.,Water Supply,Shortage,High,overhead tank water level indicator showing empty for past week.
"Other wards getting water twice we get once in two days, discrimination.",Water Supply,Shortage,High,"other wards getting water twice we get once in two days, discrimination."
"Water tanker goes to rich areas first, our slum gets only leftovers.",Water Supply,Shortage,High,"water tanker goes to rich areas first, our slum gets only leftovers."
Motor burnt out due to running dry because no water in pipeline.,Water Supply,Shortage,High,motor burnt out due to running dry because no water in pipeline.
Pothole created where water pipe was repaired shows poor road restoration.,Roads,Pothole,Medium,pothole created where water pipe was repaired shows poor road restoration.
Water leakage has eroded road creating pothole at that specific spot.,Roads,Pothole,Medium,water leakage has eroded road creating pothole at that specific spot.
Road damage from water seepage now has prominent pothole forming.,Roads,Road Damage,Medium,road damage from water seepage now has prominent pothole forming.
Pothole at pipe repair location means road was not reinstated properly.,Roads,Pothole,Medium,pothole at pipe repair location means road was not reinstated properly.
Sinking road surface indicates underground water pipe leak damaging foundation.,Roads,Road Damage,Medium,sinking road surface indicates underground water pipe leak damaging foundation.
Power failure affected street lights making pothole invisible at night.,Roads,Pothole,Medium,power failure affected street lights making pothole invisible at night.
Cannot see potholes at night due to no street lights from power cut.,Roads,Pothole,Medium,cannot see potholes at night due to no street lights from power cut.
Road damage worse because power cut prevents night warning lights.,Roads,Road Damage,Medium,road damage worse because power cut prevents night warning lights.
Pothole accident happened because street was dark from power failure.,Roads,Pothole,Medium,pothole accident happened because street was dark from power failure.
No electricity means no light to see and avoid damaged road sections.,Roads,Road Damage,Medium,no electricity means no light to see and avoid damaged road sections.
Garbage blocking road drainage causing water to not flow away.,Sanitation,Garbage,Low,garbage blocking road drainage causing water to not flow away.
Waste accumulation near pothole making it hard to judge depth.,Sanitation,Garbage,Low,waste accumulation near pothole making it hard to judge depth.
Garbage around damaged road section making repair work difficult.,Sanitation,Garbage,Low,garbage around damaged road section making repair work difficult.
Empty garbage bags flying and landing in potholes creating trip hazard.,Sanitation,Garbage,Low,empty garbage bags flying and landing in potholes creating trip hazard.
Debris from garbage mixing with road material at damage site.,Sanitation,Garbage,Low,debris from garbage mixing with road material at damage site.
Morning time pipe burst flooding vegetable market with clean water.,Water Supply,Leakage,High,morning time pipe burst flooding vegetable market with clean water.
Evening peak hour pipe burst creating traffic jam from waterlogged road.,Water Supply,Leakage,High,evening peak hour pipe burst creating traffic jam from waterlogged road.
Weekend pipe burst response is very slow from water department.,Water Supply,Leakage,High,weekend pipe burst response is very slow from water department.
Festival time pipe burst could not be repaired due to holiday closure.,Water Supply,Leakage,High,festival time pipe burst could not be repaired due to holiday closure.
Midnight pipe burst discovered only in morning when street was flooded.,Water Supply,Leakage,High,midnight pipe burst discovered only in morning when street was flooded.
Summer water shortage combined with pipe burst making situation critical.,Water Supply,Leakage,High,summer water shortage combined with pipe burst making situation critical.
Monsoon is hiding pipe burst water under rain water accumulation.,Water Supply,Leakage,High,monsoon is hiding pipe burst water under rain water accumulation.
Winter morning pipe burst but water department says its condensation.,Water Supply,Leakage,High,winter morning pipe burst but water department says its condensation.
Night time water pressure high causing old pipes to burst frequently.,Water Supply,Leakage,High,night time water pressure high causing old pipes to burst frequently.
Early morning pipe burst means entire day without water for repairs.,Water Supply,Leakage,High,early morning pipe burst means entire day without water for repairs.
Broken pipe near the post office leaking water throughout the day.,Water Supply,Leakage,High,broken pipe near the post office leaking water throughout the day.
Water main rupture flooding the parking lot of the shopping mall.,Water Supply,Leakage,High,water main rupture flooding the parking lot of the shopping mall.
Leaking hydrant near the fuel station creating safety hazard for customers.,Water Supply,Leakage,High,leaking hydrant near the fuel station creating safety hazard for customers.
Pipe burst under the highway service road creating massive water pool.,Water Supply,Leakage,High,pipe burst under the highway service road creating massive water pool.
Continuous water stream from damaged pipe near the old city gate.,Water Supply,Leakage,High,continuous water stream from damaged pipe near the old city gate.
Underground pipe crack suspected from constant water seeping through pavement.,Water Supply,Leakage,High,underground pipe crack suspected from constant water seeping through pavement.
"Water flowing out from base of electric pole, pipe damage underneath.",Water Supply,Leakage,High,"water flowing out from base of electric pole, pipe damage underneath."
Main distribution pipe leaking at multiple points along the colony road.,Water Supply,Leakage,High,main distribution pipe leaking at multiple points along the colony road.
Hospital approach road flooded due to burst water main nearby.,Water Supply,Leakage,High,hospital approach road flooded due to burst water main nearby.
Water leaking from newly installed pipe connection at my residence.,Water Supply,Leakage,High,water leaking from newly installed pipe connection at my residence.
Pipe joint failure causing heavy leakage near the community water tank.,Water Supply,Leakage,High,pipe joint failure causing heavy leakage near the community water tank.
Massive water wastage from cracked pipeline near the industrial units.,Water Supply,Leakage,High,massive water wastage from cracked pipeline near the industrial units.
Water spraying out from road surface indicating underground pipe damage.,Water Supply,Leakage,High,water spraying out from road surface indicating underground pipe damage.
Flooding in temple premises from adjacent burst water pipe.,Water Supply,Leakage,High,flooding in temple premises from adjacent burst water pipe.
Constant water dripping from overhead water supply line onto pedestrians.,Water Supply,Leakage,High,constant water dripping from overhead water supply line onto pedestrians.
Main line leakage reducing water pressure in entire residential block.,Water Supply,Leakage,High,main line leakage reducing water pressure in entire residential block.
"Pipe burst during night, discovered morning with entire street flooded.",Water Supply,Leakage,High,"pipe burst during night, discovered morning with entire street flooded."
Water seepage from municipal pipe damaging my compound wall foundation.,Water Supply,Leakage,High,water seepage from municipal pipe damaging my compound wall foundation.
Heavy leakage from public standpipe serving the slum community.,Water Supply,Leakage,High,heavy leakage from public standpipe serving the slum community.
"Underground pipe leaking into nearby well, contamination concern.",Water Supply,Leakage,High,"underground pipe leaking into nearby well, contamination concern."
Water gushing from cracked pipe near busy traffic junction.,Water Supply,Leakage,High,water gushing from cracked pipe near busy traffic junction.
Lane behind market completely waterlogged from burst water main.,Water Supply,Leakage,High,lane behind market completely waterlogged from burst water main.
Water flowing continuously from pipe repair site done last month.,Water Supply,Leakage,High,water flowing continuously from pipe repair site done last month.
Burst pipeline has turned the lane into permanent water body.,Water Supply,Leakage,High,burst pipeline has turned the lane into permanent water body.
Water leaking from meter connection onto my property daily.,Water Supply,Leakage,High,water leaking from meter connection onto my property daily.
Main pipe leak affecting water supply to 50 plus households.,Water Supply,Leakage,High,main pipe leak affecting water supply to 50 plus households.
Fresh water flooding the basement of newly constructed apartment.,Water Supply,Leakage,High,fresh water flooding the basement of newly constructed apartment.
Pipe burst at T junction causing traffic disruption and water waste.,Water Supply,Leakage,High,pipe burst at t junction causing traffic disruption and water waste.
Leaking pipe near school creating slippery conditions for students.,Water Supply,Leakage,High,leaking pipe near school creating slippery conditions for students.
Water overflowing from municipal tank flooding the street below.,Water Supply,Leakage,High,water overflowing from municipal tank flooding the street below.
Burst pipe flooding the bus station waiting area badly.,Water Supply,Leakage,High,burst pipe flooding the bus station waiting area badly.
Underground water pipe leak eroding the road foundation badly.,Water Supply,Leakage,High,underground water pipe leak eroding the road foundation badly.
Water spurting from valve failure at the distribution point.,Water Supply,Leakage,High,water spurting from valve failure at the distribution point.
Leakage from water connection pit causing permanent muddy conditions.,Water Supply,Leakage,High,leakage from water connection pit causing permanent muddy conditions.
Broken pipe near mandir causing water to spread onto devotee seating area.,Water Supply,Leakage,High,broken pipe near mandir causing water to spread onto devotee seating area.
Water main crack causing flooding in wholesale grain market area.,Water Supply,Leakage,High,water main crack causing flooding in wholesale grain market area.
Pipe joint leaking heavily near the cooperative bank branch.,Water Supply,Leakage,High,pipe joint leaking heavily near the cooperative bank branch.
Continuous seepage from underground pipe making road surface soft.,Water Supply,Leakage,High,continuous seepage from underground pipe making road surface soft.
Water bubbling through road cracks near municipal office compound.,Water Supply,Leakage,High,water bubbling through road cracks near municipal office compound.
Main water line damage causing low pressure in entire sector.,Water Supply,Leakage,High,main water line damage causing low pressure in entire sector.
Completely dry taps in our locality since Wednesday morning.,Water Supply,Shortage,High,completely dry taps in our locality since wednesday morning.
"No water for last 60 hours, this is inhuman treatment to citizens.",Water Supply,Shortage,High,"no water for last 60 hours, this is inhuman treatment to citizens."
Water crisis forcing senior citizens to climb stairs to neighbors for water.,Water Supply,Shortage,High,water crisis forcing senior citizens to climb stairs to neighbors for water.
"Tank completely empty, municipal supply has stopped coming completely.",Water Supply,Shortage,High,"tank completely empty, municipal supply has stopped coming completely."
Zero water making it impossible to cook or maintain hygiene.,Water Supply,Shortage,High,zero water making it impossible to cook or maintain hygiene.
Water supply stopped without notice affecting business operations.,Water Supply,Shortage,High,water supply stopped without notice affecting business operations.
"Desperate for water, taps have been absolutely dry for four days.",Water Supply,Shortage,High,"desperate for water, taps have been absolutely dry for four days."
"No water pressure at all, the taps dont even drip anymore.",Water Supply,Shortage,High,"no water pressure at all, the taps dont even drip anymore."
Severe water shortage in exam period affecting students preparation.,Water Supply,Shortage,High,severe water shortage in exam period affecting students preparation.
Water comes once in two days and that too for just 30 minutes.,Water Supply,Shortage,High,water comes once in two days and that too for just 30 minutes.
"Community tap also dry, no alternative water source available.",Water Supply,Shortage,High,"community tap also dry, no alternative water source available."
Hotel guests leaving bad reviews because of water unavailability.,Water Supply,Shortage,High,hotel guests leaving bad reviews because of water unavailability.
Construction workers leaving site because there is no water.,Water Supply,Shortage,High,construction workers leaving site because there is no water.
Cattle farm animals suffering without water for drinking.,Water Supply,Shortage,High,cattle farm animals suffering without water for drinking.
"Beauty parlor closed due to water shortage, business loss daily.",Water Supply,Shortage,High,"beauty parlor closed due to water shortage, business loss daily."
"No water in public toilet, people avoiding it completely.",Water Supply,Shortage,High,"no water in public toilet, people avoiding it completely."
"Water scarcity affecting local industries, workers being sent home.",Water Supply,Shortage,High,"water scarcity affecting local industries, workers being sent home."
"Morning rituals impossible without water, religious activities affected.",Water Supply,Shortage,High,"morning rituals impossible without water, religious activities affected."
Water supply problem ongoing for a month now with no improvement.,Water Supply,Shortage,High,water supply problem ongoing for a month now with no improvement.
Empty water drums everywhere as people wait for tanker that never comes.,Water Supply,Shortage,High,empty water drums everywhere as people wait for tanker that never comes.
Bakery cannot function because kneading dough needs water.,Water Supply,Shortage,High,bakery cannot function because kneading dough needs water.
Children going to school without bath due to no water at home.,Water Supply,Shortage,High,children going to school without bath due to no water at home.
Laundry business shut because water supply completely stopped.,Water Supply,Shortage,High,laundry business shut because water supply completely stopped.
Nursing home patients need water for medication but taps are dry.,Water Supply,Shortage,High,nursing home patients need water for medication but taps are dry.
Wedding in family but no water to prepare food for guests.,Water Supply,Shortage,High,wedding in family but no water to prepare food for guests.
Water crisis combined with summer heat is making life miserable.,Water Supply,Shortage,High,water crisis combined with summer heat is making life miserable.
Repeated complaints about water shortage but no resolution yet.,Water Supply,Shortage,High,repeated complaints about water shortage but no resolution yet.
Water tanker comes but empties before our turn in queue.,Water Supply,Shortage,High,water tanker comes but empties before our turn in queue.
"Public hand pump also broken, absolutely no water source works.",Water Supply,Shortage,High,"public hand pump also broken, absolutely no water source works."
Water shortage forcing people to buy bottled water for daily use.,Water Supply,Shortage,High,water shortage forcing people to buy bottled water for daily use.
Tap sound when turned on but absolutely no water flows.,Water Supply,Shortage,High,tap sound when turned on but absolutely no water flows.
Deep pothole exactly at the colony entrance creating bad impression.,Roads,Pothole,Medium,deep pothole exactly at the colony entrance creating bad impression.
Pothole near hospital causing pain to patients in ambulances.,Roads,Pothole,Medium,pothole near hospital causing pain to patients in ambulances.
Series of potholes from main road to our neighborhood entrance.,Roads,Pothole,Medium,series of potholes from main road to our neighborhood entrance.
Pothole filled with polluted water near vegetable sellers.,Roads,Pothole,Medium,pothole filled with polluted water near vegetable sellers.
Massive pothole where two lanes merge causing confusion and accidents.,Roads,Pothole,Medium,massive pothole where two lanes merge causing confusion and accidents.
Bike rider broke leg falling into unmarked pothole at night.,Roads,Pothole,Medium,bike rider broke leg falling into unmarked pothole at night.
Pothole repair request submitted online three months ago no action.,Roads,Pothole,Medium,pothole repair request submitted online three months ago no action.
Children playing near dangerous pothole not realizing the risk.,Roads,Pothole,Medium,children playing near dangerous pothole not realizing the risk.
Pothole right at bus stop platform forcing passengers to jump across.,Roads,Pothole,Medium,pothole right at bus stop platform forcing passengers to jump across.
Water collects in pothole and splashes on pedestrians when vehicles pass.,Roads,Pothole,Medium,water collects in pothole and splashes on pedestrians when vehicles pass.
Pothole has sharp edges that have cut multiple tyres already.,Roads,Pothole,Medium,pothole has sharp edges that have cut multiple tyres already.
Pothole disguised by fallen leaves near the park entrance.,Roads,Pothole,Medium,pothole disguised by fallen leaves near the park entrance.
Deep pothole at traffic signal causes vehicles to swerve suddenly.,Roads,Pothole,Medium,deep pothole at traffic signal causes vehicles to swerve suddenly.
Municipal election happening but potholes still not repaired.,Roads,Pothole,Medium,municipal election happening but potholes still not repaired.
New potholes appearing exactly where repairs were done recently.,Roads,Pothole,Medium,new potholes appearing exactly where repairs were done recently.
Pothole right outside the police station gate embarrassingly ignored.,Roads,Pothole,Medium,pothole right outside the police station gate embarrassingly ignored.
My pregnant wife experienced severe jolt from pothole on way to hospital.,Roads,Pothole,Medium,my pregnant wife experienced severe jolt from pothole on way to hospital.
Pothole at corner turning is invisible until vehicle is on it.,Roads,Pothole,Medium,pothole at corner turning is invisible until vehicle is on it.
Cattle grazing near pothole making road navigation very difficult.,Roads,Pothole,Medium,cattle grazing near pothole making road navigation very difficult.
Pothole blocking one entire lane of the two lane road.,Roads,Pothole,Medium,pothole blocking one entire lane of the two lane road.
Street hawkers avoiding pothole area but blocking rest of footpath.,Roads,Pothole,Medium,street hawkers avoiding pothole area but blocking rest of footpath.
Pothole in commercial area making customer parking very difficult.,Roads,Pothole,Medium,pothole in commercial area making customer parking very difficult.
Evening cricket match area has dangerous pothole edges.,Roads,Pothole,Medium,evening cricket match area has dangerous pothole edges.
Auto drivers charging extra because pothole route damages vehicle.,Roads,Pothole,Medium,auto drivers charging extra because pothole route damages vehicle.
Pothole created from manhole that was not sealed properly.,Roads,Pothole,Medium,pothole created from manhole that was not sealed properly.
Morning joggers complaining about potholes on jogging track road.,Roads,Pothole,Medium,morning joggers complaining about potholes on jogging track road.
Pothole in waiting area near bus stand filled with muddy water.,Roads,Pothole,Medium,pothole in waiting area near bus stand filled with muddy water.
Pothole widening daily as edges keep crumbling into the hole.,Roads,Pothole,Medium,pothole widening daily as edges keep crumbling into the hole.
School children running and nearly falling into road pothole.,Roads,Pothole,Medium,school children running and nearly falling into road pothole.
Pothole right at the wedding hall entrance very embarrassing for functions.,Roads,Pothole,Medium,pothole right at the wedding hall entrance very embarrassing for functions.
Complete road surface failure near the cement factory from heavy trucks.,Roads,Road Damage,Medium,complete road surface failure near the cement factory from heavy trucks.
Road breaking into pieces under overloaded goods vehicles weight.,Roads,Road Damage,Medium,road breaking into pieces under overloaded goods vehicles weight.
Newly constructed road showing cracks within first monsoon itself.,Roads,Road Damage,Medium,newly constructed road showing cracks within first monsoon itself.
Road damaged from repeated digging for underground cable laying.,Roads,Road Damage,Medium,road damaged from repeated digging for underground cable laying.
Surface has peeled off completely exposing base layer gravel.,Roads,Road Damage,Medium,surface has peeled off completely exposing base layer gravel.
Heavy vehicle damage has created corrugated washboard pattern.,Roads,Road Damage,Medium,heavy vehicle damage has created corrugated washboard pattern.
Road edges crumbling into the adjacent drain from erosion.,Roads,Road Damage,Medium,road edges crumbling into the adjacent drain from erosion.
Tar road has turned white from surface wearing off completely.,Roads,Road Damage,Medium,tar road has turned white from surface wearing off completely.
Road near river bridge damaged severely from flood water flow.,Roads,Road Damage,Medium,road near river bridge damaged severely from flood water flow.
Underground gas pipeline work has destroyed the road surface.,Roads,Road Damage,Medium,underground gas pipeline work has destroyed the road surface.
Road surface heaving upwards near tree roots creating bumps.,Roads,Road Damage,Medium,road surface heaving upwards near tree roots creating bumps.
Approach road to flyover completely damaged before even opening.,Roads,Road Damage,Medium,approach road to flyover completely damaged before even opening.
Colony road has more broken patches than intact surface now.,Roads,Road Damage,Medium,colony road has more broken patches than intact surface now.
Cracks in road allowing rainwater to seep and weaken foundation.,Roads,Road Damage,Medium,cracks in road allowing rainwater to seep and weaken foundation.
Road damage so severe that driving feels like off road adventure.,Roads,Road Damage,Medium,road damage so severe that driving feels like off road adventure.
Speed breaker has disintegrated into concrete rubble pile.,Roads,Road Damage,Medium,speed breaker has disintegrated into concrete rubble pile.
Road connecting two major areas completely unmaintained and broken.,Roads,Road Damage,Medium,road connecting two major areas completely unmaintained and broken.
Surface erosion has created channeled grooves in the road.,Roads,Road Damage,Medium,surface erosion has created channeled grooves in the road.
Road near garbage dump has collapsed from heavy truck traffic.,Roads,Road Damage,Medium,road near garbage dump has collapsed from heavy truck traffic.
Manhole sinking has created depression damaging surrounding road.,Roads,Road Damage,Medium,manhole sinking has created depression damaging surrounding road.
Vibration damage from metro construction has cracked nearby roads.,Roads,Road Damage,Medium,vibration damage from metro construction has cracked nearby roads.
Road patches by different agencies have created uneven surface.,Roads,Road Damage,Medium,road patches by different agencies have created uneven surface.
Kerb stones have shifted making road width irregular and confusing.,Roads,Road Damage,Medium,kerb stones have shifted making road width irregular and confusing.
Complete road reconstruction needed not just temporary repairs.,Roads,Road Damage,Medium,complete road reconstruction needed not just temporary repairs.
Road damage from last years flood still pending major repairs.,Roads,Road Damage,Medium,road damage from last years flood still pending major repairs.
Foundation failure causing entire road section to sink uniformly.,Roads,Road Damage,Medium,foundation failure causing entire road section to sink uniformly.
Street has more ruts than smooth surface making cycling impossible.,Roads,Road Damage,Medium,street has more ruts than smooth surface making cycling impossible.
Road damage causing vehicles to use service road creating congestion.,Roads,Road Damage,Medium,road damage causing vehicles to use service road creating congestion.
Drainage work has permanently damaged the road and never repaired.,Roads,Road Damage,Medium,drainage work has permanently damaged the road and never repaired.
Loose gravel from damaged road scattering everywhere creating hazard.,Roads,Road Damage,Medium,loose gravel from damaged road scattering everywhere creating hazard.
"Electricity has been off since morning, work from home ruined today.",Electricity,Power Cut,High,"electricity has been off since morning, work from home ruined today."
Power cut during peak afternoon heat is torture for elderly at home.,Electricity,Power Cut,High,power cut during peak afternoon heat is torture for elderly at home.
Complete darkness in our lane since the transformer failed yesterday.,Electricity,Power Cut,High,complete darkness in our lane since the transformer failed yesterday.
Power outage has frozen our business operations completely.,Electricity,Power Cut,High,power outage has frozen our business operations completely.
Frequent power cuts every evening just when cooking starts.,Electricity,Power Cut,High,frequent power cuts every evening just when cooking starts.
Power failure affecting water supply as pump house has no electricity.,Electricity,Power Cut,High,power failure affecting water supply as pump house has no electricity.
Medical equipment at home needs power but outage continuing for hours.,Electricity,Power Cut,High,medical equipment at home needs power but outage continuing for hours.
Power cut during school online exams caused automatic failure.,Electricity,Power Cut,High,power cut during school online exams caused automatic failure.
Night time power cut is dangerous in our crime prone locality.,Electricity,Power Cut,High,night time power cut is dangerous in our crime prone locality.
Sudden power cut caused computer to crash losing unsaved work.,Electricity,Power Cut,High,sudden power cut caused computer to crash losing unsaved work.
Power restored but with very low voltage damaging motor winding.,Electricity,Power Cut,High,power restored but with very low voltage damaging motor winding.
Commercial freezers defrosting due to extended power failure.,Electricity,Power Cut,High,commercial freezers defrosting due to extended power failure.
Power cut timings completely unpredictable affecting daily planning.,Electricity,Power Cut,High,power cut timings completely unpredictable affecting daily planning.
Electric stove users left without cooking option during power cut.,Electricity,Power Cut,High,electric stove users left without cooking option during power cut.
Power theft nearby causing frequent trips and outages in our area.,Electricity,Power Cut,High,power theft nearby causing frequent trips and outages in our area.
Transformer sparking before power went out suggests fire risk.,Electricity,Power Cut,High,transformer sparking before power went out suggests fire risk.
Power fluctuation causing TV and refrigerator compressor damage.,Electricity,Power Cut,High,power fluctuation causing tv and refrigerator compressor damage.
"No electricity for two consecutive days now, this is unacceptable.",Electricity,Power Cut,High,"no electricity for two consecutive days now, this is unacceptable."
Power cut combined with no mobile network leaving us completely cut off.,Electricity,Power Cut,High,power cut combined with no mobile network leaving us completely cut off.
Hospital generator fuel running out waiting for main power restoration.,Electricity,Power Cut,High,hospital generator fuel running out waiting for main power restoration.
Power restored to main road but interior lanes still without electricity.,Electricity,Power Cut,High,power restored to main road but interior lanes still without electricity.
Street light pole wires down after storm but no repair team sent yet.,Electricity,Power Cut,High,street light pole wires down after storm but no repair team sent yet.
Power outage affecting traffic signals at major junction creating chaos.,Electricity,Power Cut,High,power outage affecting traffic signals at major junction creating chaos.
Single phase supply when we need three phase for motor operation.,Electricity,Power Cut,High,single phase supply when we need three phase for motor operation.
Power failure every time there is slight wind or rain nowadays.,Electricity,Power Cut,High,power failure every time there is slight wind or rain nowadays.
Electricity bill is high but service quality is extremely poor.,Electricity,Power Cut,High,electricity bill is high but service quality is extremely poor.
Night vision cameras useless during power cut defeating security purpose.,Electricity,Power Cut,High,night vision cameras useless during power cut defeating security purpose.
Power cut affecting chemist cold chain storage medications at risk.,Electricity,Power Cut,High,power cut affecting chemist cold chain storage medications at risk.
Dialysis patient rushed to hospital as home machine stopped working.,Electricity,Power Cut,High,dialysis patient rushed to hospital as home machine stopped working.
Factory overtime cancelled due to evening power cut announcement.,Electricity,Power Cut,High,factory overtime cancelled due to evening power cut announcement.
Garbage overflowing from bins at the main market entrance.,Sanitation,Garbage,Low,garbage overflowing from bins at the main market entrance.
Sweeper has not visited our street in over ten days now.,Sanitation,Garbage,Low,sweeper has not visited our street in over ten days now.
Mixed waste including diapers and food rotting near playground.,Sanitation,Garbage,Low,mixed waste including diapers and food rotting near playground.
Garbage collection vehicle skips our lane saying road is narrow.,Sanitation,Garbage,Low,garbage collection vehicle skips our lane saying road is narrow.
Burning of garbage at vacant plot creating air pollution.,Sanitation,Garbage,Low,burning of garbage at vacant plot creating air pollution.
Dead rat carcass in garbage pile for three days spreading disease.,Sanitation,Garbage,Low,dead rat carcass in garbage pile for three days spreading disease.
Garbage dump too close to water tank raising contamination concern.,Sanitation,Garbage,Low,garbage dump too close to water tank raising contamination concern.
Street dogs living in garbage heap have become aggressive.,Sanitation,Garbage,Low,street dogs living in garbage heap have become aggressive.
Sweepers dumping waste into drain instead of taking to collection point.,Sanitation,Garbage,Low,sweepers dumping waste into drain instead of taking to collection point.
Garbage truck broke down in our area spilling waste everywhere.,Sanitation,Garbage,Low,garbage truck broke down in our area spilling waste everywhere.
Construction debris from building work dumped on public footpath.,Sanitation,Garbage,Low,construction debris from building work dumped on public footpath.
Food stall waste attracting flies and creating unhygienic conditions.,Sanitation,Garbage,Low,food stall waste attracting flies and creating unhygienic conditions.
Garbage collection only thrice a week is insufficient for our density.,Sanitation,Garbage,Low,garbage collection only thrice a week is insufficient for our density.
Overflowing dustbin near temple offending religious sentiments.,Sanitation,Garbage,Low,overflowing dustbin near temple offending religious sentiments.
Garden waste from tree trimming blocking entire footpath section.,Sanitation,Garbage,Low,garden waste from tree trimming blocking entire footpath section.
Used medical masks and gloves mixed with regular household garbage.,Sanitation,Garbage,Low,used medical masks and gloves mixed with regular household garbage.
Garbage pile blocking sunlight to ground floor windows.,Sanitation,Garbage,Low,garbage pile blocking sunlight to ground floor windows.
Night time garbage dumping by trucks creating morning mess.,Sanitation,Garbage,Low,night time garbage dumping by trucks creating morning mess.
Wedding function garbage still lying on road three days after.,Sanitation,Garbage,Low,wedding function garbage still lying on road three days after.
Garbage bin fire happened due to someone throwing burning item.,Sanitation,Garbage,Low,garbage bin fire happened due to someone throwing burning item.
Fish market waste creating unbearable smell in entire neighborhood.,Sanitation,Garbage,Low,fish market waste creating unbearable smell in entire neighborhood.
Segregated dry waste scattered by wind creating litter everywhere.,Sanitation,Garbage,Low,segregated dry waste scattered by wind creating litter everywhere.
Broken dustbin lying on road with contents spilled all around.,Sanitation,Garbage,Low,broken dustbin lying on road with contents spilled all around.
Night sweeping crew uses leaf blower pushing garbage to our house.,Sanitation,Garbage,Low,night sweeping crew uses leaf blower pushing garbage to our house.
Holiday garbage accumulation not cleared for four days straight.,Sanitation,Garbage,Low,holiday garbage accumulation not cleared for four days straight.
Poultry waste from nearby shop dumped openly near our residence.,Sanitation,Garbage,Low,poultry waste from nearby shop dumped openly near our residence.
Garbage collector absent so regularly we dont know actual schedule.,Sanitation,Garbage,Low,garbage collector absent so regularly we dont know actual schedule.
Oil waste from garage dumped in regular garbage creating fire hazard.,Sanitation,Garbage,Low,oil waste from garage dumped in regular garbage creating fire hazard.
Vegetable peel waste on road making surface slippery for pedestrians.,Sanitation,Garbage,Low,vegetable peel waste on road making surface slippery for pedestrians.
Garbage overload near new residential colony as bins not yet installed.,Sanitation,Garbage,Low,garbage overload near new residential colony as bins not yet installed.
Water pipe burst causing flooding in basement and damaging stored goods.,Water Supply,Leakage,High,water pipe burst causing flooding in basement and damaging stored goods.
Main line leak creating water shortage downstream as all water escaping.,Water Supply,Leakage,High,main line leak creating water shortage downstream as all water escaping.
Pipe damage from construction work nobody taking responsibility to repair.,Water Supply,Leakage,High,pipe damage from construction work nobody taking responsibility to repair.
Water flowing onto main road from broken underground connection.,Water Supply,Leakage,High,water flowing onto main road from broken underground connection.
Leaking joint at water meter causing billing dispute and water waste.,Water Supply,Leakage,High,leaking joint at water meter causing billing dispute and water waste.
New pipeline already leaking from poor quality material used.,Water Supply,Leakage,High,new pipeline already leaking from poor quality material used.
Water gushing from valve pit at distribution main near park.,Water Supply,Leakage,High,water gushing from valve pit at distribution main near park.
Burst pipe during water tanker filling causing chaos at station.,Water Supply,Leakage,High,burst pipe during water tanker filling causing chaos at station.
Leakage from rooftop tank overflowing onto neighbor building.,Water Supply,Leakage,High,leakage from rooftop tank overflowing onto neighbor building.
Municipal pipe burst flooding new pavement just constructed last month.,Water Supply,Leakage,High,municipal pipe burst flooding new pavement just constructed last month.
Water seeping through wall from adjacent supply line damage inside wall.,Water Supply,Leakage,High,water seeping through wall from adjacent supply line damage inside wall.
Main pipeline valve failure causing uncontrolled water release.,Water Supply,Leakage,High,main pipeline valve failure causing uncontrolled water release.
Pipe repair site creating more leakage than original problem had.,Water Supply,Leakage,High,pipe repair site creating more leakage than original problem had.
Heavy leakage at night when pressure is high going unnoticed till morning.,Water Supply,Leakage,High,heavy leakage at night when pressure is high going unnoticed till morning.
Underground pipe leak causing sinkhole formation in road surface.,Water Supply,Leakage,High,underground pipe leak causing sinkhole formation in road surface.
Water meter area constantly flooded from internal leak somewhere.,Water Supply,Leakage,High,water meter area constantly flooded from internal leak somewhere.
Branch connection pipe burst affecting multiple households water supply.,Water Supply,Leakage,High,branch connection pipe burst affecting multiple households water supply.
Leaking water mixing with drain water at broken pipe location.,Water Supply,Leakage,High,leaking water mixing with drain water at broken pipe location.
Entire water budget wasted from massive leak at main distribution point.,Water Supply,Leakage,High,entire water budget wasted from massive leak at main distribution point.
Pipe burst exactly at festival time when water demand was highest.,Water Supply,Leakage,High,pipe burst exactly at festival time when water demand was highest.
No water crisis would exist if leaking pipes were repaired on time.,Water Supply,Leakage,High,no water crisis would exist if leaking pipes were repaired on time.
Water coming from underground through road cracks suggests deep pipe damage.,Water Supply,Leakage,High,water coming from underground through road cracks suggests deep pipe damage.
Old brittle pipeline bursting repeatedly at different locations.,Water Supply,Leakage,High,old brittle pipeline bursting repeatedly at different locations.
Water supply erratic because main line has multiple leak points.,Water Supply,Leakage,High,water supply erratic because main line has multiple leak points.
Tank overflow continuous as inlet valve is stuck causing massive wastage.,Water Supply,Leakage,High,tank overflow continuous as inlet valve is stuck causing massive wastage.
Pipeline crossing drain has corroded and now leaking into dirty water.,Water Supply,Leakage,High,pipeline crossing drain has corroded and now leaking into dirty water.
Water loss from leaks exceeds actual water supplied to consumers.,Water Supply,Leakage,High,water loss from leaks exceeds actual water supplied to consumers.
Burst pipe at pump station outlet reducing pressure in entire network.,Water Supply,Leakage,High,burst pipe at pump station outlet reducing pressure in entire network.
Joint between old and new pipe sections failing repeatedly.,Water Supply,Leakage,High,joint between old and new pipe sections failing repeatedly.
Water department says they fixed leak but same spot leaking again.,Water Supply,Leakage,High,water department says they fixed leak but same spot leaking again.
Tank water finished three days ago and no supply coming from corporation.,Water Supply,Shortage,High,tank water finished three days ago and no supply coming from corporation.
Water connection exists but line seems completely empty for days.,Water Supply,Shortage,High,water connection exists but line seems completely empty for days.
Queue at community tap starts at 4 AM still many return empty.,Water Supply,Shortage,High,queue at community tap starts at 4 am still many return empty.
Water crisis affecting religious events like pooja and rituals daily.,Water Supply,Shortage,High,water crisis affecting religious events like pooja and rituals daily.
Factory had to import water tankers affecting production cost badly.,Water Supply,Shortage,High,factory had to import water tankers affecting production cost badly.
School sent children home because toilets had no water at all.,Water Supply,Shortage,High,school sent children home because toilets had no water at all.
Water rationing promised but even that small allocation not coming.,Water Supply,Shortage,High,water rationing promised but even that small allocation not coming.
Pregnant ladies struggling to carry water from distant source.,Water Supply,Shortage,High,pregnant ladies struggling to carry water from distant source.
Marriage function guests had to be served bottled water costing lakhs.,Water Supply,Shortage,High,marriage function guests had to be served bottled water costing lakhs.
Local pond dried up which was backup during municipal water failure.,Water Supply,Shortage,High,local pond dried up which was backup during municipal water failure.
Water shortage news reached TV channels before reaching water department.,Water Supply,Shortage,High,water shortage news reached tv channels before reaching water department.
Water vendor black market flourishing because official supply zero.,Water Supply,Shortage,High,water vendor black market flourishing because official supply zero.
Morning water schedule missed means entire day goes without water.,Water Supply,Shortage,High,morning water schedule missed means entire day goes without water.
Water storage tanks rusting as they remain empty for weeks together.,Water Supply,Shortage,High,water storage tanks rusting as they remain empty for weeks together.
Community bore well also failed leaving no alternative water source.,Water Supply,Shortage,High,community bore well also failed leaving no alternative water source.
Water scarcity making it impossible to even flush toilets regularly.,Water Supply,Shortage,High,water scarcity making it impossible to even flush toilets regularly.
Paying property tax but not getting basic water supply is injustice.,Water Supply,Shortage,High,paying property tax but not getting basic water supply is injustice.
Even rainwater harvesting tank empty due to unpredictable weather.,Water Supply,Shortage,High,even rainwater harvesting tank empty due to unpredictable weather.
Water crisis ongoing since last summer with no permanent solution yet.,Water Supply,Shortage,High,water crisis ongoing since last summer with no permanent solution yet.
Public health emergency should be declared for water shortage severity.,Water Supply,Shortage,High,public health emergency should be declared for water shortage severity.
Pothole on highway exit ramp causing traffic backup during rush hour.,Roads,Pothole,Medium,pothole on highway exit ramp causing traffic backup during rush hour.
Pothole repair quality so poor it fails within one monsoon season.,Roads,Pothole,Medium,pothole repair quality so poor it fails within one monsoon season.
Bike race practice impossible due to pothole studded race route.,Roads,Pothole,Medium,bike race practice impossible due to pothole studded race route.
Pothole exactly where drainage water collects making it invisible.,Roads,Pothole,Medium,pothole exactly where drainage water collects making it invisible.
Pothole causing daily vehicle breakdown near the garage conveniently.,Roads,Pothole,Medium,pothole causing daily vehicle breakdown near the garage conveniently.
Evening walk route ruined by multiple potholes on footpath.,Roads,Pothole,Medium,evening walk route ruined by multiple potholes on footpath.
Pothole near lamp post means no light to see it at night.,Roads,Pothole,Medium,pothole near lamp post means no light to see it at night.
Garbage thrown into pothole making it shallower but more dirty.,Roads,Pothole,Medium,garbage thrown into pothole making it shallower but more dirty.
Pothole filled by locals with bricks but needs proper repair.,Roads,Pothole,Medium,pothole filled by locals with bricks but needs proper repair.
Pothole map of our area would show more holes than road surface.,Roads,Pothole,Medium,pothole map of our area would show more holes than road surface.
Monsoon rain has exposed potholes that were temporarily filled.,Roads,Pothole,Medium,monsoon rain has exposed potholes that were temporarily filled.
Pothole location coincides with water pipe location underneath road.,Roads,Pothole,Medium,pothole location coincides with water pipe location underneath road.
Pothole right where speed breaker should have been instead.,Roads,Pothole,Medium,pothole right where speed breaker should have been instead.
Oil tanker got stuck in pothole blocking petrol pump entrance.,Roads,Pothole,Medium,oil tanker got stuck in pothole blocking petrol pump entrance.
Pothole at pedestrian crossing making disabled access impossible.,Roads,Pothole,Medium,pothole at pedestrian crossing making disabled access impossible.
JCB used for pothole repair damaged more road than it fixed.,Roads,Pothole,Medium,jcb used for pothole repair damaged more road than it fixed.
Pothole position changes after every repair like moving target.,Roads,Pothole,Medium,pothole position changes after every repair like moving target.
Delivery drivers avoiding our lane because of pothole conditions.,Roads,Pothole,Medium,delivery drivers avoiding our lane because of pothole conditions.
Pothole causing splashing and dirtying pedestrians during rain.,Roads,Pothole,Medium,pothole causing splashing and dirtying pedestrians during rain.
Commuters memorize pothole locations to navigate daily safely.,Roads,Pothole,Medium,commuters memorize pothole locations to navigate daily safely.
Road reconstruction project incomplete leaving surface half damaged.,Roads,Road Damage,Medium,road reconstruction project incomplete leaving surface half damaged.
Base layer exposed after tar peeled off completely from road surface.,Roads,Road Damage,Medium,base layer exposed after tar peeled off completely from road surface.
Cement concrete road breaking into large slab pieces separating.,Roads,Road Damage,Medium,cement concrete road breaking into large slab pieces separating.
Road near construction site ruined from heavy machinery movement.,Roads,Road Damage,Medium,road near construction site ruined from heavy machinery movement.
Footpath edge damaged causing trip hazard for pedestrians walking.,Roads,Road Damage,Medium,footpath edge damaged causing trip hazard for pedestrians walking.
Road surface depression from underground pipe installation work.,Roads,Road Damage,Medium,road surface depression from underground pipe installation work.
Entire lane need blacktopping as surface coating completely gone.,Roads,Road Damage,Medium,entire lane need blacktopping as surface coating completely gone.
Road texture so rough vehicle paint scratching from stone spray.,Roads,Road Damage,Medium,road texture so rough vehicle paint scratching from stone spray.
Highway quality road reduced to village track condition now.,Roads,Road Damage,Medium,highway quality road reduced to village track condition now.
Road damage visible from satellite images it is so extensive.,Roads,Road Damage,Medium,road damage visible from satellite images it is so extensive.
Layered cracks pattern indicates complete road structure failure.,Roads,Road Damage,Medium,layered cracks pattern indicates complete road structure failure.
Road surface undulating making speed control very difficult.,Roads,Road Damage,Medium,road surface undulating making speed control very difficult.
Tar smell from melting surface during extreme summer heat damage.,Roads,Road Damage,Medium,tar smell from melting surface during extreme summer heat damage.
Road never repaired after underground cable work two years ago.,Roads,Road Damage,Medium,road never repaired after underground cable work two years ago.
Water stagnation in road damage depressions creating mosquito issue.,Roads,Road Damage,Medium,water stagnation in road damage depressions creating mosquito issue.
Multiple agencies dig same road leaving permanently damaged surface.,Roads,Road Damage,Medium,multiple agencies dig same road leaving permanently damaged surface.
Morning traffic damages road further due to soft tar in hot weather.,Roads,Road Damage,Medium,morning traffic damages road further due to soft tar in hot weather.
Road profile completely changed from repairs at different levels.,Roads,Road Damage,Medium,road profile completely changed from repairs at different levels.
Expansion joints in concrete road have failed creating bumps.,Roads,Road Damage,Medium,expansion joints in concrete road have failed creating bumps.
Road damage so bad that property values have decreased noticeably.,Roads,Road Damage,Medium,road damage so bad that property values have decreased noticeably.
Power cut again for the fifth time today within office hours.,Electricity,Power Cut,High,power cut again for the fifth time today within office hours.
Voltage drops so low that lights dim but dont go completely off.,Electricity,Power Cut,High,voltage drops so low that lights dim but dont go completely off.
Power restoration promised keeps getting postponed every few hours.,Electricity,Power Cut,High,power restoration promised keeps getting postponed every few hours.
Electricity meter box making crackling sounds before power fails.,Electricity,Power Cut,High,electricity meter box making crackling sounds before power fails.
Power cut duration increasing each time from hours to now full day.,Electricity,Power Cut,High,power cut duration increasing each time from hours to now full day.
Substation capacity insufficient for growing electricity demand.,Electricity,Power Cut,High,substation capacity insufficient for growing electricity demand.
Power failure during midnight disturbing sleep due to fan stopping.,Electricity,Power Cut,High,power failure during midnight disturbing sleep due to fan stopping.
Office servers crashed during power cut causing data loss issue.,Electricity,Power Cut,High,office servers crashed during power cut causing data loss issue.
Power outage affecting sewage pumping creating overflow situation.,Electricity,Power Cut,High,power outage affecting sewage pumping creating overflow situation.
Electric fence for security useless during power cut periods.,Electricity,Power Cut,High,electric fence for security useless during power cut periods.
Power cut coincides with internet provider power failure too.,Electricity,Power Cut,High,power cut coincides with internet provider power failure too.
Emergency light batteries exhausted from repeated power cuts usage.,Electricity,Power Cut,High,emergency light batteries exhausted from repeated power cuts usage.
Power restoration creates surge damaging stabilizer protected equipment.,Electricity,Power Cut,High,power restoration creates surge damaging stabilizer protected equipment.
Lineman came inspected left without repairing the power fault.,Electricity,Power Cut,High,lineman came inspected left without repairing the power fault.
Power cut affects cellular towers making even phone calls impossible.,Electricity,Power Cut,High,power cut affects cellular towers making even phone calls impossible.
Commercial complex tenants threatening to leave due to power issues.,Electricity,Power Cut,High,commercial complex tenants threatening to leave due to power issues.
Evening power cut means dinner preparation in darkness by candle.,Electricity,Power Cut,High,evening power cut means dinner preparation in darkness by candle.
Power meter shows credit balance but no electricity in house.,Electricity,Power Cut,High,power meter shows credit balance but no electricity in house.
Power cut during pregnancy labor had to rush to hospital in dark.,Electricity,Power Cut,High,power cut during pregnancy labor had to rush to hospital in dark.
Repeated power cuts damaging aquarium fish due to filter failure.,Electricity,Power Cut,High,repeated power cuts damaging aquarium fish due to filter failure.
Garbage burning creating air pollution in residential neighborhood.,Sanitation,Garbage,Low,garbage burning creating air pollution in residential neighborhood.
Sweeper on leave for week with no replacement arranged.,Sanitation,Garbage,Low,sweeper on leave for week with no replacement arranged.
Public dustbin removed but no alternative provided creating mess.,Sanitation,Garbage,Low,public dustbin removed but no alternative provided creating mess.
Garbage collection worker rude and demanding tips for basic service.,Sanitation,Garbage,Low,garbage collection worker rude and demanding tips for basic service.
Street drain clogged with garbage causing roadside waterlogging.,Sanitation,Garbage,Low,street drain clogged with garbage causing roadside waterlogging.
Garbage awareness signboards themselves surrounded by garbage ironically.,Sanitation,Garbage,Low,garbage awareness signboards themselves surrounded by garbage ironically.
Animal carcass in garbage dump attracting vultures to residential area.,Sanitation,Garbage,Low,animal carcass in garbage dump attracting vultures to residential area.
Garbage sorting center nearby creating smell problem for residents.,Sanitation,Garbage,Low,garbage sorting center nearby creating smell problem for residents.
Plastic ban announced but all garbage still contains plastic items.,Sanitation,Garbage,Low,plastic ban announced but all garbage still contains plastic items.
Garbage truck horn at 5 AM daily disturbing sleep of residents.,Sanitation,Garbage,Low,garbage truck horn at 5 am daily disturbing sleep of residents.
Empty chemical containers dumped with regular garbage creating hazard.,Sanitation,Garbage,Low,empty chemical containers dumped with regular garbage creating hazard.
Community cleanup drive garbage collected but not taken away after.,Sanitation,Garbage,Low,community cleanup drive garbage collected but not taken away after.
Garbage collection happening but sweeping of road surface completely stopped.,Sanitation,Garbage,Low,garbage collection happening but sweeping of road surface completely stopped.
Leather waste from shoe factory creating foul smell near homes.,Sanitation,Garbage,Low,leather waste from shoe factory creating foul smell near homes.
Paint tins dumped in garbage creating color pollution on road.,Sanitation,Garbage,Low,paint tins dumped in garbage creating color pollution on road.
Auto parts scrap mixed with domestic garbage creating sharp hazard.,Sanitation,Garbage,Low,auto parts scrap mixed with domestic garbage creating sharp hazard.
Festival crackers waste still lying on streets days after diwali.,Sanitation,Garbage,Low,festival crackers waste still lying on streets days after diwali.
Garbage collection point attracting beggars creating safety issue.,Sanitation,Garbage,Low,garbage collection point attracting beggars creating safety issue.
Stagnant water in garbage pile breeding dengue mosquitoes.,Sanitation,Garbage,Low,stagnant water in garbage pile breeding dengue mosquitoes.
Expired medicine packets from nearby clinic dumped with regular waste.,Sanitation,Garbage,Low,expired medicine packets from nearby clinic dumped with regular waste.
Water pipeline damage near the toll booth causing massive flooding.,Water Supply,Leakage,High,water pipeline damage near the toll booth causing massive flooding.
Burst pipe at corner junction creating intersection flooding issue.,Water Supply,Leakage,High,burst pipe at corner junction creating intersection flooding issue.
Continuous seepage from water main damaging adjacent compound walls.,Water Supply,Leakage,High,continuous seepage from water main damaging adjacent compound walls.
Pipeline valve failed at night causing morning water crisis from wastage.,Water Supply,Leakage,High,pipeline valve failed at night causing morning water crisis from wastage.
Water spraying from cracked joint onto passing vehicles and pedestrians.,Water Supply,Leakage,High,water spraying from cracked joint onto passing vehicles and pedestrians.
Old corroded pipe burst at multiple locations along the street.,Water Supply,Leakage,High,old corroded pipe burst at multiple locations along the street.
Tank inlet pipe leaking creating waterfall down the building wall.,Water Supply,Leakage,High,tank inlet pipe leaking creating waterfall down the building wall.
Underground pipe damage from tree root invasion causing leakage.,Water Supply,Leakage,High,underground pipe damage from tree root invasion causing leakage.
Main distribution line crack reducing pressure for entire neighborhood.,Water Supply,Leakage,High,main distribution line crack reducing pressure for entire neighborhood.
Burst pipe water mixing with sewage near broken drain connection.,Water Supply,Leakage,High,burst pipe water mixing with sewage near broken drain connection.
Municipal water line running through my property is leaking badly.,Water Supply,Leakage,High,municipal water line running through my property is leaking badly.
Pipe damaged during road repair work but contractor not repairing it.,Water Supply,Leakage,High,pipe damaged during road repair work but contractor not repairing it.
Water meter joint leaking continuously since new meter installation.,Water Supply,Leakage,High,water meter joint leaking continuously since new meter installation.
Heavy flow from burst pipe has eroded the road shoulder completely.,Water Supply,Leakage,High,heavy flow from burst pipe has eroded the road shoulder completely.
Fire service hydrant leaking near the mall creating safety concern.,Water Supply,Leakage,High,fire service hydrant leaking near the mall creating safety concern.
Pipeline crossing the bridge has developed multiple crack leaks.,Water Supply,Leakage,High,pipeline crossing the bridge has developed multiple crack leaks.
Water gushing from ground at construction excavation site.,Water Supply,Leakage,High,water gushing from ground at construction excavation site.
Burst pipe repaired yesterday but started leaking again today.,Water Supply,Leakage,High,burst pipe repaired yesterday but started leaking again today.
Main line damage causing intermittent supply and constant leakage.,Water Supply,Leakage,High,main line damage causing intermittent supply and constant leakage.
Water pump station outlet pipe burst affecting entire ward supply.,Water Supply,Leakage,High,water pump station outlet pipe burst affecting entire ward supply.
Underground leakage suspected from consistent wet patch on road.,Water Supply,Leakage,High,underground leakage suspected from consistent wet patch on road.
Pipe burst at night went unnoticed till morning complete flooding.,Water Supply,Leakage,High,pipe burst at night went unnoticed till morning complete flooding.
Pipeline crack spraying water onto adjacent electric transformer.,Water Supply,Leakage,High,pipeline crack spraying water onto adjacent electric transformer.
Leaking pipe joint near school creating muddy entrance for students.,Water Supply,Leakage,High,leaking pipe joint near school creating muddy entrance for students.
Heavy water leakage from damaged public tap near waiting shed.,Water Supply,Leakage,High,heavy water leakage from damaged public tap near waiting shed.
Pipeline near construction debris got damaged and now leaking badly.,Water Supply,Leakage,High,pipeline near construction debris got damaged and now leaking badly.
Water connection to our building leaking at street level junction.,Water Supply,Leakage,High,water connection to our building leaking at street level junction.
Main pipe to overhead tank leaking reducing tank filling rate.,Water Supply,Leakage,High,main pipe to overhead tank leaking reducing tank filling rate.
Service connection pipe damaged by heavy vehicle weight on road.,Water Supply,Leakage,High,service connection pipe damaged by heavy vehicle weight on road.
Night water pressure high causing weak joints to burst frequently.,Water Supply,Leakage,High,night water pressure high causing weak joints to burst frequently.
Completely without water for entire weekend while neighbors have supply.,Water Supply,Shortage,High,completely without water for entire weekend while neighbors have supply.
Water comes but pressure so low that it cannot reach first floor.,Water Supply,Shortage,High,water comes but pressure so low that it cannot reach first floor.
Tanker water contaminated forcing us to buy mineral water daily.,Water Supply,Shortage,High,tanker water contaminated forcing us to buy mineral water daily.
Irregular supply schedule makes water storage planning impossible.,Water Supply,Shortage,High,irregular supply schedule makes water storage planning impossible.
Zero water pressure during peak hours when demand is maximum.,Water Supply,Shortage,High,zero water pressure during peak hours when demand is maximum.
Water crisis affecting local industries causing unemployment issue.,Water Supply,Shortage,High,water crisis affecting local industries causing unemployment issue.
Gym facility closed indefinitely due to persistent water shortage.,Water Supply,Shortage,High,gym facility closed indefinitely due to persistent water shortage.
Cannot maintain garden as no extra water available beyond basic needs.,Water Supply,Shortage,High,cannot maintain garden as no extra water available beyond basic needs.
Medical clinic unable to sterilize equipment without adequate water.,Water Supply,Shortage,High,medical clinic unable to sterilize equipment without adequate water.
Public hand pump queue stretches for half kilometer during shortage.,Water Supply,Shortage,High,public hand pump queue stretches for half kilometer during shortage.
Water scarcity worst during festival when demand is naturally higher.,Water Supply,Shortage,High,water scarcity worst during festival when demand is naturally higher.
Our building gets water once while nearby building gets twice daily.,Water Supply,Shortage,High,our building gets water once while nearby building gets twice daily.
Children developing skin issues from bathing with dirty stored water.,Water Supply,Shortage,High,children developing skin issues from bathing with dirty stored water.
Water comes once in three days making storage rotting concern.,Water Supply,Shortage,High,water comes once in three days making storage rotting concern.
Tank cleaning impossible as no substitute water available during cleaning.,Water Supply,Shortage,High,tank cleaning impossible as no substitute water available during cleaning.
Water shortage protest rally organized by frustrated residents.,Water Supply,Shortage,High,water shortage protest rally organized by frustrated residents.
Cremation ceremonies facing difficulty due to water scarcity at ghat.,Water Supply,Shortage,High,cremation ceremonies facing difficulty due to water scarcity at ghat.
Petrol pump car wash service stopped due to water supply crisis.,Water Supply,Shortage,High,petrol pump car wash service stopped due to water supply crisis.
Ground water also depleted leaving no alternative to municipal supply.,Water Supply,Shortage,High,ground water also depleted leaving no alternative to municipal supply.
New residential area connected but existing areas supply reduced.,Water Supply,Shortage,High,new residential area connected but existing areas supply reduced.
Daily water requirement 500 liters but getting only 100 liters.,Water Supply,Shortage,High,daily water requirement 500 liters but getting only 100 liters.
Overnight water storage gets hot next day requiring re-cooling waste.,Water Supply,Shortage,High,overnight water storage gets hot next day requiring recooling waste.
Water supply timing announced but never followed by actual delivery.,Water Supply,Shortage,High,water supply timing announced but never followed by actual delivery.
Women walking two kilometers to fetch water in this modern age.,Water Supply,Shortage,High,women walking two kilometers to fetch water in this modern age.
Water scarcity has become new normal nobody expects improvement.,Water Supply,Shortage,High,water scarcity has become new normal nobody expects improvement.
Tuition classes cancelled because childrens cannot come without bathing.,Water Supply,Shortage,High,tuition classes cancelled because childrens cannot come without bathing.
Wedding catering affected as no water to wash vegetables and utensils.,Water Supply,Shortage,High,wedding catering affected as no water to wash vegetables and utensils.
Morning rush hour complicated by water filling queues at taps.,Water Supply,Shortage,High,morning rush hour complicated by water filling queues at taps.
Water shortage combining with power cut creating double crisis.,Water Supply,Shortage,High,water shortage combining with power cut creating double crisis.
Newspaper headline about our area water crisis but no government action.,Water Supply,Shortage,High,newspaper headline about our area water crisis but no government action.
Motor running sound but no water in pipes means supply line empty.,Water Supply,Shortage,High,motor running sound but no water in pipes means supply line empty.
Pothole exactly at parking exit forcing vehicles to bump daily.,Roads,Pothole,Medium,pothole exactly at parking exit forcing vehicles to bump daily.
Water collecting in pothole becoming dengue mosquito breeding spot.,Roads,Pothole,Medium,water collecting in pothole becoming dengue mosquito breeding spot.
Pothole at drain cover collapsed into drain creating danger.,Roads,Pothole,Medium,pothole at drain cover collapsed into drain creating danger.
New apartment complex road already has pothole within first month.,Roads,Pothole,Medium,new apartment complex road already has pothole within first month.
Festival procession route filled with potholes embarrassing for guests.,Roads,Pothole,Medium,festival procession route filled with potholes embarrassing for guests.
Pothole filler material washing out with first rain every time.,Roads,Pothole,Medium,pothole filler material washing out with first rain every time.
Racing through pothole field every morning to reach school on time.,Roads,Pothole,Medium,racing through pothole field every morning to reach school on time.
Pothole right before bridge starting point very dangerous at speed.,Roads,Pothole,Medium,pothole right before bridge starting point very dangerous at speed.
Pothole depth increasing weekly as water erosion continues.,Roads,Pothole,Medium,pothole depth increasing weekly as water erosion continues.
Street light fallen into pothole making it even more dangerous.,Roads,Pothole,Medium,street light fallen into pothole making it even more dangerous.
Pothole so wide vehicles have to cross into oncoming lane.,Roads,Pothole,Medium,pothole so wide vehicles have to cross into oncoming lane.
Pothole at one way entry creating confusion about alternative route.,Roads,Pothole,Medium,pothole at one way entry creating confusion about alternative route.
Motorcycle chain broke from pothole jolt causing accident.,Roads,Pothole,Medium,motorcycle chain broke from pothole jolt causing accident.
Pothole repair crew fills wrong hole leaves actual one untouched.,Roads,Pothole,Medium,pothole repair crew fills wrong hole leaves actual one untouched.
Pothole underneath bus for picking passengers very inconvenient.,Roads,Pothole,Medium,pothole underneath bus for picking passengers very inconvenient.
Night shift workers risking pothole accidents on dark roads.,Roads,Pothole,Medium,night shift workers risking pothole accidents on dark roads.
Pothole exactly where parking entry turn happens causing damage.,Roads,Pothole,Medium,pothole exactly where parking entry turn happens causing damage.
Filled pothole became hill on road creating different problem.,Roads,Pothole,Medium,filled pothole became hill on road creating different problem.
Pothole claiming victims daily when will administration wake up.,Roads,Pothole,Medium,pothole claiming victims daily when will administration wake up.
Seasonal pothole appears every monsoon at same location annually.,Roads,Pothole,Medium,seasonal pothole appears every monsoon at same location annually.
Pothole so old it has become landmark for giving directions.,Roads,Pothole,Medium,pothole so old it has become landmark for giving directions.
Pothole photograph gone viral but no repair action initiated.,Roads,Pothole,Medium,pothole photograph gone viral but no repair action initiated.
Ward councillor house road repaired but our pothole still ignored.,Roads,Pothole,Medium,ward councillor house road repaired but our pothole still ignored.
Pothole Olympics possible on our road given the obstacle course.,Roads,Pothole,Medium,pothole olympics possible on our road given the obstacle course.
Pothole hidden by rain water caused multiple two wheeler falls.,Roads,Pothole,Medium,pothole hidden by rain water caused multiple two wheeler falls.
Complete road base collapsed due to repeated waterlogging damage.,Roads,Road Damage,Medium,complete road base collapsed due to repeated waterlogging damage.
Utility trenches cut road but reinstatement done very poorly.,Roads,Road Damage,Medium,utility trenches cut road but reinstatement done very poorly.
Road near brick kiln completely destroyed by heavy load traffic.,Roads,Road Damage,Medium,road near brick kiln completely destroyed by heavy load traffic.
Bridge approach road has dangerous undulations both directions.,Roads,Road Damage,Medium,bridge approach road has dangerous undulations both directions.
Black topping layer separated from base creating flapping pieces.,Roads,Road Damage,Medium,black topping layer separated from base creating flapping pieces.
Road marking paint worn off making lane discipline impossible.,Roads,Road Damage,Medium,road marking paint worn off making lane discipline impossible.
Reflector studs on road disappeared leaving navigation difficult.,Roads,Road Damage,Medium,reflector studs on road disappeared leaving navigation difficult.
Road surface melted in summer heat creating sticky patches.,Roads,Road Damage,Medium,road surface melted in summer heat creating sticky patches.
Construction material dump on road causing permanent damage.,Roads,Road Damage,Medium,construction material dump on road causing permanent damage.
Overloaded tanker created ruts in road surface now permanent.,Roads,Road Damage,Medium,overloaded tanker created ruts in road surface now permanent.
Road eroded from flood water flow during heavy monsoon.,Roads,Road Damage,Medium,road eroded from flood water flow during heavy monsoon.
Footpath kerb stones collapsed onto road reducing width.,Roads,Road Damage,Medium,footpath kerb stones collapsed onto road reducing width.
Night vehicle driving increasingly risky due to road condition.,Roads,Road Damage,Medium,night vehicle driving increasingly risky due to road condition.
Accident prone zone created by sudden road level changes.,Roads,Road Damage,Medium,accident prone zone created by sudden road level changes.
Road contractor absconding after taking advance for repairs.,Roads,Road Damage,Medium,road contractor absconding after taking advance for repairs.
Drainage gratings missing in road creating open hole hazards.,Roads,Road Damage,Medium,drainage gratings missing in road creating open hole hazards.
Road gravel layer exposed after tar completely wore off.,Roads,Road Damage,Medium,road gravel layer exposed after tar completely wore off.
School zone road damage creating health issues from dust.,Roads,Road Damage,Medium,school zone road damage creating health issues from dust.
Fire engine could not reach destination due to broken road.,Roads,Road Damage,Medium,fire engine could not reach destination due to broken road.
Road damage inspection done months ago but repair not started.,Roads,Road Damage,Medium,road damage inspection done months ago but repair not started.
Entire road needs replacement not just surface repair work.,Roads,Road Damage,Medium,entire road needs replacement not just surface repair work.
Roads budget sanctioned but not utilized creating backlog.,Roads,Road Damage,Medium,roads budget sanctioned but not utilized creating backlog.
Road leading to graveyard in terrible disrespectful condition.,Roads,Road Damage,Medium,road leading to graveyard in terrible disrespectful condition.
Market access road so bad that business moving to other areas.,Roads,Road Damage,Medium,market access road so bad that business moving to other areas.
Vehicle insurance claims increasing due to poor road conditions.,Roads,Road Damage,Medium,vehicle insurance claims increasing due to poor road conditions.
Power cut affecting aquarium hobby fish dying without aeration.,Electricity,Power Cut,High,power cut affecting aquarium hobby fish dying without aeration.
Biogas appliances need electricity to run not working in outage.,Electricity,Power Cut,High,biogas appliances need electricity to run not working in outage.
Solar inverter also not working during grid failure strangely.,Electricity,Power Cut,High,solar inverter also not working during grid failure strangely.
Power supply wire heating up before complete burnout occurred.,Electricity,Power Cut,High,power supply wire heating up before complete burnout occurred.
Electricity complaint registered but no complaint ID provided.,Electricity,Power Cut,High,electricity complaint registered but no complaint id provided.
Power cut news spreading faster than repair crew arriving.,Electricity,Power Cut,High,power cut news spreading faster than repair crew arriving.
Different phases restored differently affecting equipment badly.,Electricity,Power Cut,High,different phases restored differently affecting equipment badly.
Power failure caused lift to stop at floor without opening.,Electricity,Power Cut,High,power failure caused lift to stop at floor without opening.
Electric geyser failure due to voltage fluctuation before cut.,Electricity,Power Cut,High,electric geyser failure due to voltage fluctuation before cut.
Power restored briefly giving false hope then cut again worse.,Electricity,Power Cut,High,power restored briefly giving false hope then cut again worse.
Electricity department helpline has long wait music never answers.,Electricity,Power Cut,High,electricity department helpline has long wait music never answers.
Meter reader visited during power cut asked to pay minimum bill.,Electricity,Power Cut,High,meter reader visited during power cut asked to pay minimum bill.
Adjacent building has power but our building still dark mystery.,Electricity,Power Cut,High,adjacent building has power but our building still dark mystery.
Power theft investigation cut supply to everyone in meantime.,Electricity,Power Cut,High,power theft investigation cut supply to everyone in meantime.
Solar panel not feeding grid during power cut due to safety.,Electricity,Power Cut,High,solar panel not feeding grid during power cut due to safety.
Emergency services also affected by power outage in our area.,Electricity,Power Cut,High,emergency services also affected by power outage in our area.
Power cut timings announced online but not followed actually.,Electricity,Power Cut,High,power cut timings announced online but not followed actually.
Night power cut combined with cloudy weather complete darkness.,Electricity,Power Cut,High,night power cut combined with cloudy weather complete darkness.
Power fluctuation destroyed voltage sensitive research equipment.,Electricity,Power Cut,High,power fluctuation destroyed voltage sensitive research equipment.
Electricity supply quality decreasing while bill amount increasing.,Electricity,Power Cut,High,electricity supply quality decreasing while bill amount increasing.
UPS cannot handle multiple power cuts draining battery completely.,Electricity,Power Cut,High,ups cannot handle multiple power cuts draining battery completely.
Electric cooking completely dependent on power now impossible.,Electricity,Power Cut,High,electric cooking completely dependent on power now impossible.
Power failure during surgery at nearby clinic emergency declared.,Electricity,Power Cut,High,power failure during surgery at nearby clinic emergency declared.
Electric scooter charging impossible due to nighttime power cuts.,Electricity,Power Cut,High,electric scooter charging impossible due to nighttime power cuts.
Morning power cut means water pump cannot fill overhead tank.,Electricity,Power Cut,High,morning power cut means water pump cannot fill overhead tank.
Garbage truck noise pollution early morning disturbing residents.,Sanitation,Garbage,Low,garbage truck noise pollution early morning disturbing residents.
Waste segregation bins colors faded nobody knows which is which.,Sanitation,Garbage,Low,waste segregation bins colors faded nobody knows which is which.
Garbage collection point location causing traffic blockage daily.,Sanitation,Garbage,Low,garbage collection point location causing traffic blockage daily.
Dustbin design poor allowing rain water to collect and breed mosquitoes.,Sanitation,Garbage,Low,dustbin design poor allowing rain water to collect and breed mosquitoes.
Night garbage dumping culprits not caught despite repeated complaints.,Sanitation,Garbage,Low,night garbage dumping culprits not caught despite repeated complaints.
Sweeper using same broom for gutter and road creating cross contamination.,Sanitation,Garbage,Low,sweeper using same broom for gutter and road creating cross contamination.
Public awareness about garbage separation not reaching everyone.,Sanitation,Garbage,Low,public awareness about garbage separation not reaching everyone.
Garbage van breakdown frequency increasing leading to delays.,Sanitation,Garbage,Low,garbage van breakdown frequency increasing leading to delays.
Garbage collection schedule changed without informing residents.,Sanitation,Garbage,Low,garbage collection schedule changed without informing residents.
Recyclable waste getting mixed due to collector not separating.,Sanitation,Garbage,Low,recyclable waste getting mixed due to collector not separating.
Dead tree branches lying on road since weeks blocking passage.,Sanitation,Garbage,Low,dead tree branches lying on road since weeks blocking passage.
Garbage pile fire risk during summer dry season very high.,Sanitation,Garbage,Low,garbage pile fire risk during summer dry season very high.
Broken glass from garbage cutting stray animal paws visible.,Sanitation,Garbage,Low,broken glass from garbage cutting stray animal paws visible.
Religious offering materials dumped near garbage creating confusion.,Sanitation,Garbage,Low,religious offering materials dumped near garbage creating confusion.
Garbage composting facility smell reaching nearby residential area.,Sanitation,Garbage,Low,garbage composting facility smell reaching nearby residential area.
Sanitation workers demanding cash for festival tips as mandatory.,Sanitation,Garbage,Low,sanitation workers demanding cash for festival tips as mandatory.
School children writing essays about garbage problem next to them.,Sanitation,Garbage,Low,school children writing essays about garbage problem next to them.
Temple flower waste thrown on road daily in large quantities.,Sanitation,Garbage,Low,temple flower waste thrown on road daily in large quantities.
Garbage truck does collection but spills garbage while driving away.,Sanitation,Garbage,Low,garbage truck does collection but spills garbage while driving away.
Waste paper flying from overloaded garbage vehicle while moving.,Sanitation,Garbage,Low,waste paper flying from overloaded garbage vehicle while moving.
Night waste generator restaurant dumping without time compliance.,Sanitation,Garbage,Low,night waste generator restaurant dumping without time compliance.
Garbage collection privatized but quality has actually decreased.,Sanitation,Garbage,Low,garbage collection privatized but quality has actually decreased.
Electronic waste pickup promised but nobody came for collection.,Sanitation,Garbage,Low,electronic waste pickup promised but nobody came for collection.
Garbage bin stolen from street corner not replaced by authorities.,Sanitation,Garbage,Low,garbage bin stolen from street corner not replaced by authorities.
Bulk garbage generator charges high but service quality low.,Sanitation,Garbage,Low,bulk garbage generator charges high but service quality low.
Flooding on road caused by pipe burst requires water department action.,Water Supply,Leakage,High,flooding on road caused by pipe burst requires water department action.
Water accumulating is from burst main pipe not blocked drainage.,Water Supply,Leakage,High,water accumulating is from burst main pipe not blocked drainage.
Lane waterlogged due to pipeline crack not rain water stagnation.,Water Supply,Leakage,High,lane waterlogged due to pipeline crack not rain water stagnation.
Street flooding source is municipal water pipe break confirmed.,Water Supply,Leakage,High,street flooding source is municipal water pipe break confirmed.
Water on road is clean water from supply pipe not dirty drainage.,Water Supply,Leakage,High,water on road is clean water from supply pipe not dirty drainage.
Compound flooded from burst water main outside property boundary.,Water Supply,Leakage,High,compound flooded from burst water main outside property boundary.
Road wet constantly because underground water pipe has slow leak.,Water Supply,Leakage,High,road wet constantly because underground water pipe has slow leak.
Parking waterlogged from burst pipe in adjacent municipal line.,Water Supply,Leakage,High,parking waterlogged from burst pipe in adjacent municipal line.
Water overflowing is from tank inlet failure not rain overflow.,Water Supply,Leakage,High,water overflowing is from tank inlet failure not rain overflow.
Street flooding appears like rain but actually pipe burst water.,Water Supply,Leakage,High,street flooding appears like rain but actually pipe burst water.
No water crisis if leaking pipes are fixed first water recycled.,Water Supply,Leakage,High,no water crisis if leaking pipes are fixed first water recycled.
Water department should coordinate with electricity for pumping.,Electricity,Power Cut,High,water department should coordinate with electricity for pumping.
Power cut affecting water treatment plant creating supply crisis.,Electricity,Power Cut,High,power cut affecting water treatment plant creating supply crisis.
Electricity needed for water pumping both departments coordinate please.,Electricity,Power Cut,High,electricity needed for water pumping both departments coordinate please.
Water and power both off simultaneously life has become impossible.,Electricity,Power Cut,High,water and power both off simultaneously life has become impossible.
Motor pump idle from power cut causing water tank to run empty.,Electricity,Power Cut,High,motor pump idle from power cut causing water tank to run empty.
Borewell water unavailable because electric pump cannot operate.,Electricity,Power Cut,High,borewell water unavailable because electric pump cannot operate.
Society water crisis is actually power crisis pump house affected.,Electricity,Power Cut,High,society water crisis is actually power crisis pump house affected.
Municipal pump station down from power failure affecting supply.,Electricity,Power Cut,High,municipal pump station down from power failure affecting supply.
Dual utility failure water and electricity both need urgent fixing.,Electricity,Power Cut,High,dual utility failure water and electricity both need urgent fixing.
Power restoration priority should be pump houses for water supply.,Electricity,Power Cut,High,power restoration priority should be pump houses for water supply.
Pothole and road damage combined requiring comprehensive repair.,Roads,Road Damage,Medium,pothole and road damage combined requiring comprehensive repair.
Road needs complete reconstruction multiple problems accumulated.,Roads,Road Damage,Medium,road needs complete reconstruction multiple problems accumulated.
Both pothole filling and surface leveling needed on this stretch.,Roads,Road Damage,Medium,both pothole filling and surface leveling needed on this stretch.
Overall road condition poor with specific pothole danger zones.,Roads,Road Damage,Medium,overall road condition poor with specific pothole danger zones.
Road damage worsening pothole situation continuously now.,Roads,Road Damage,Medium,road damage worsening pothole situation continuously now.
Garbage pile near pothole making road hazard even worse.,Sanitation,Garbage,Low,garbage pile near pothole making road hazard even worse.
Waste thrown into damaged road section by people conveniently.,Sanitation,Garbage,Low,waste thrown into damaged road section by people conveniently.
Garbage blocking view of pothole causing surprise accidents.,Sanitation,Garbage,Low,garbage blocking view of pothole causing surprise accidents.
Road debris mixing with garbage creating combined cleanup challenge.,Sanitation,Garbage,Low,road debris mixing with garbage creating combined cleanup challenge.
Drain garbage overflow happening because road depression collects water.,Sanitation,Garbage,Low,drain garbage overflow happening because road depression collects water.
Old water pipe corroded and leaking at multiple joints along the stretch.,Water Supply,Leakage,High,old water pipe corroded and leaking at multiple joints along the stretch.
Main line valve stuck open during maintenance causing massive overflow.,Water Supply,Leakage,High,main line valve stuck open during maintenance causing massive overflow.
Water spraying continuously from broken standpipe in market area.,Water Supply,Leakage,High,water spraying continuously from broken standpipe in market area.
Pipeline running under footpath has cracked and is flooding walkway.,Water Supply,Leakage,High,pipeline running under footpath has cracked and is flooding walkway.
Burst pipe near ATM kiosk causing water damage to banking equipment.,Water Supply,Leakage,High,burst pipe near atm kiosk causing water damage to banking equipment.
Heavy leakage from municipal connection point at building entry.,Water Supply,Leakage,High,heavy leakage from municipal connection point at building entry.
Underground pipe seepage softening road surface and causing sinking.,Water Supply,Leakage,High,underground pipe seepage softening road surface and causing sinking.
Water gushing from broken fire hydrant coupling near factory gate.,Water Supply,Leakage,High,water gushing from broken fire hydrant coupling near factory gate.
Leaking service pipe wasting water equal to supply of ten houses.,Water Supply,Leakage,High,leaking service pipe wasting water equal to supply of ten houses.
Main distribution valve bypass leaking severely needs replacement.,Water Supply,Leakage,High,main distribution valve bypass leaking severely needs replacement.
Pipeline pressure test failure caused burst near testing location.,Water Supply,Leakage,High,pipeline pressure test failure caused burst near testing location.
Corroded pipe joints failing one after another along old supply line.,Water Supply,Leakage,High,corroded pipe joints failing one after another along old supply line.
Water shooting upward from ground indicating major pipe rupture below.,Water Supply,Leakage,High,water shooting upward from ground indicating major pipe rupture below.
Leakage at pipe bend location due to stress from ground movement.,Water Supply,Leakage,High,leakage at pipe bend location due to stress from ground movement.
Supply line to hospital leaking in compound creating emergency.,Water Supply,Leakage,High,supply line to hospital leaking in compound creating emergency.
Joint compound failure causing multiple small leaks along pipeline.,Water Supply,Leakage,High,joint compound failure causing multiple small leaks along pipeline.
Ferrule connection broken at meter causing continuous water flow.,Water Supply,Leakage,High,ferrule connection broken at meter causing continuous water flow.
Pipeline saddle connection has failed and water pouring out.,Water Supply,Leakage,High,pipeline saddle connection has failed and water pouring out.
Water bubbling through ground surface near old pipeline route.,Water Supply,Leakage,High,water bubbling through ground surface near old pipeline route.
Night burst went unnoticed street completely flooded by morning.,Water Supply,Leakage,High,night burst went unnoticed street completely flooded by morning.
Stop tap broken open continuously flowing water from street tap.,Water Supply,Leakage,High,stop tap broken open continuously flowing water from street tap.
Air valve malfunction causing hammering and subsequent pipe burst.,Water Supply,Leakage,High,air valve malfunction causing hammering and subsequent pipe burst.
Reducer joint failed causing water spray in all directions.,Water Supply,Leakage,High,reducer joint failed causing water spray in all directions.
Thrust block moved causing pipe joint to separate and leak heavily.,Water Supply,Leakage,High,thrust block moved causing pipe joint to separate and leak heavily.
Water service saddle cracked and water escaping around it.,Water Supply,Leakage,High,water service saddle cracked and water escaping around it.
Completely without water more than 72 hours this is humanitarian crisis.,Water Supply,Shortage,High,completely without water more than 72 hours this is humanitarian crisis.
Morning water timing missed means the whole day remains waterless.,Water Supply,Shortage,High,morning water timing missed means the whole day remains waterless.
Bucket queue at public tap becomes violent due to water desperation.,Water Supply,Shortage,High,bucket queue at public tap becomes violent due to water desperation.
Zero water pressure even ground floor taps are not receiving any.,Water Supply,Shortage,High,zero water pressure even ground floor taps are not receiving any.
Tank lorry water also contaminated with mud raising health concerns.,Water Supply,Shortage,High,tank lorry water also contaminated with mud raising health concerns.
Water privatization failed now neither private nor public supply works.,Water Supply,Shortage,High,water privatization failed now neither private nor public supply works.
Filter RO plant also stopped as input water supply itself missing.,Water Supply,Shortage,High,filter ro plant also stopped as input water supply itself missing.
Community bore hand pump also not yielding water all sources dry.,Water Supply,Shortage,High,community bore hand pump also not yielding water all sources dry.
Water shortage causing exodus of residents to other localities.,Water Supply,Shortage,High,water shortage causing exodus of residents to other localities.
Summer wedding impossible to plan with this water shortage situation.,Water Supply,Shortage,High,summer wedding impossible to plan with this water shortage situation.
Night water supply announced came for 5 minutes only that too muddy.,Water Supply,Shortage,High,night water supply announced came for 5 minutes only that too muddy.
Expensive water purifier useless without input supply to purify.,Water Supply,Shortage,High,expensive water purifier useless without input supply to purify.
Ground water level depleted no alternative to dependency on corporation.,Water Supply,Shortage,High,ground water level depleted no alternative to dependency on corporation.
Water scarcity news on national TV still no government action taken.,Water Supply,Shortage,High,water scarcity news on national tv still no government action taken.
Protest gathering planned at municipal office regarding water crisis.,Water Supply,Shortage,High,protest gathering planned at municipal office regarding water crisis.
Repeated pothole at same spot highway authority ignoring completely.,Roads,Pothole,Medium,repeated pothole at same spot highway authority ignoring completely.
Pothole severity classification needed some are life threatening.,Roads,Pothole,Medium,pothole severity classification needed some are life threatening.
Cab driver knows all potholes by heart still cannot avoid damage.,Roads,Pothole,Medium,cab driver knows all potholes by heart still cannot avoid damage.
Pothole repair material quality substandard failing every monsoon.,Roads,Pothole,Medium,pothole repair material quality substandard failing every monsoon.
Pothole on arterial road priority should be given but ignored.,Roads,Pothole,Medium,pothole on arterial road priority should be given but ignored.
School zone pothole creating morning drop off chaos daily.,Roads,Pothole,Medium,school zone pothole creating morning drop off chaos daily.
Pothole investigation by engineer done but no actual repair started.,Roads,Pothole,Medium,pothole investigation by engineer done but no actual repair started.
Pothole near petrol pump queue making waiting uncomfortable.,Roads,Pothole,Medium,pothole near petrol pump queue making waiting uncomfortable.
Pothole map crowd sourced online still authorities not acting on it.,Roads,Pothole,Medium,pothole map crowd sourced online still authorities not acting on it.
Pothole exact GPS coordinates shared still not located by repair team.,Roads,Pothole,Medium,pothole exact gps coordinates shared still not located by repair team.
Pothole complaint tracking system shows pending since six months.,Roads,Pothole,Medium,pothole complaint tracking system shows pending since six months.
Pothole budget sanctioned but contractor has not started work yet.,Roads,Pothole,Medium,pothole budget sanctioned but contractor has not started work yet.
Pothole count in our ward exceeds acceptable limits per kilometer.,Roads,Pothole,Medium,pothole count in our ward exceeds acceptable limits per kilometer.
Pothole causing school bus to take longer alternative route daily.,Roads,Pothole,Medium,pothole causing school bus to take longer alternative route daily.
Pothole accident victim filed case against municipal corporation.,Roads,Pothole,Medium,pothole accident victim filed case against municipal corporation.
Entire road structure has failed requiring complete reconstruction.,Roads,Road Damage,Medium,entire road structure has failed requiring complete reconstruction.
Base course exposed aggregate loose dangerous for two wheelers.,Roads,Road Damage,Medium,base course exposed aggregate loose dangerous for two wheelers.
Rain water percolating through cracks weakening road foundation.,Roads,Road Damage,Medium,rain water percolating through cracks weakening road foundation.
Road design flaw causing water accumulation and surface damage.,Roads,Road Damage,Medium,road design flaw causing water accumulation and surface damage.
Heavy vehicle overloading causing rapid road deterioration.,Roads,Road Damage,Medium,heavy vehicle overloading causing rapid road deterioration.
Road warranty period expired contractor not liable anymore.,Roads,Road Damage,Medium,road warranty period expired contractor not liable anymore.
Sub contractor blamed for poor work but road remains unrepaired.,Roads,Road Damage,Medium,sub contractor blamed for poor work but road remains unrepaired.
Road construction material theft led to thin surface layer now failing.,Roads,Road Damage,Medium,road construction material theft led to thin surface layer now failing.
Bitumen quality poor causing road to melt in summer heat.,Roads,Road Damage,Medium,bitumen quality poor causing road to melt in summer heat.
Road roller compaction insufficient leading to early surface failure.,Roads,Road Damage,Medium,road roller compaction insufficient leading to early surface failure.
Drainage not constructed alongside road causing water damage every rain.,Roads,Road Damage,Medium,drainage not constructed alongside road causing water damage every rain.
Road level higher than adjacent land causing entry exit difficulty.,Roads,Road Damage,Medium,road level higher than adjacent land causing entry exit difficulty.
Footpath integration with road poor creating step hazards.,Roads,Road Damage,Medium,footpath integration with road poor creating step hazards.
Speed breaker location wrong causing maximum damage to that spot.,Roads,Road Damage,Medium,speed breaker location wrong causing maximum damage to that spot.
Road cutting for utilities done without permission damaging surface.,Roads,Road Damage,Medium,road cutting for utilities done without permission damaging surface.
Transformer overloaded frequently tripping causing area power cuts.,Electricity,Power Cut,High,transformer overloaded frequently tripping causing area power cuts.
Electricity line drooping low over road creating safety hazard.,Electricity,Power Cut,High,electricity line drooping low over road creating safety hazard.
Power line tree touching causing trips during windy conditions.,Electricity,Power Cut,High,power line tree touching causing trips during windy conditions.
Meter room locked during power cut cannot check internal fault.,Electricity,Power Cut,High,meter room locked during power cut cannot check internal fault.
Prepaid meter balance shows positive but no power in house.,Electricity,Power Cut,High,prepaid meter balance shows positive but no power in house.
Ground wire broken causing appliance shocking during power return.,Electricity,Power Cut,High,ground wire broken causing appliance shocking during power return.
Power phase imbalance causing motors to trip or run slow.,Electricity,Power Cut,High,power phase imbalance causing motors to trip or run slow.
Incoming power cable joint heating up visible smoke before outage.,Electricity,Power Cut,High,incoming power cable joint heating up visible smoke before outage.
Neutral earthing poor causing fluctuations before complete failure.,Electricity,Power Cut,High,neutral earthing poor causing fluctuations before complete failure.
Solar net metering not working during grid down defeating purpose.,Electricity,Power Cut,High,solar net metering not working during grid down defeating purpose.
Generator starting issues due to frequent power failure cycles.,Electricity,Power Cut,High,generator starting issues due to frequent power failure cycles.
Power quality issues damaging variable frequency drives in factory.,Electricity,Power Cut,High,power quality issues damaging variable frequency drives in factory.
Capacitor bank tripping causing power factor penalty in bills.,Electricity,Power Cut,High,capacitor bank tripping causing power factor penalty in bills.
Energy audit recommended improvements but power supply still unreliable.,Electricity,Power Cut,High,energy audit recommended improvements but power supply still unreliable.
Smart meter installed but supply quality has not improved at all.,Electricity,Power Cut,High,smart meter installed but supply quality has not improved at all.
Composting pit overflowing because collection not happening regularly.,Sanitation,Garbage,Low,composting pit overflowing because collection not happening regularly.
Segregation at source not followed by collectors defeating purpose.,Sanitation,Garbage,Low,segregation at source not followed by collectors defeating purpose.
Garbage vehicle GPS tracking shows it skipped our lane completely.,Sanitation,Garbage,Low,garbage vehicle gps tracking shows it skipped our lane completely.
Biogas plant not accepting wet waste claiming it is contaminated.,Sanitation,Garbage,Low,biogas plant not accepting wet waste claiming it is contaminated.
Material recovery facility rejecting dry waste citing poor quality.,Sanitation,Garbage,Low,material recovery facility rejecting dry waste citing poor quality.
Zero waste ward announcement but actual garbage situation unchanged.,Sanitation,Garbage,Low,zero waste ward announcement but actual garbage situation unchanged.
Swachh Bharat campaign banner next to overflowing garbage bin irony.,Sanitation,Garbage,Low,swachh bharat campaign banner next to overflowing garbage bin irony.
Garbage processing unit establishment opposed by nearby residents.,Sanitation,Garbage,Low,garbage processing unit establishment opposed by nearby residents.
Door to door collection stopped contractor dispute blamed.,Sanitation,Garbage,Low,door to door collection stopped contractor dispute blamed.
Garbage collection fee increased but service quality has decreased.,Sanitation,Garbage,Low,garbage collection fee increased but service quality has decreased.
Community garbage room door broken waste scattering outside it.,Sanitation,Garbage,Low,community garbage room door broken waste scattering outside it.
Night sweeping tender cancelled leaving roads dirty every morning.,Sanitation,Garbage,Low,night sweeping tender cancelled leaving roads dirty every morning.
Garbage truck compactor mechanism broken loose waste falling off.,Sanitation,Garbage,Low,garbage truck compactor mechanism broken loose waste falling off.
Informal waste picker network disrupted by contractor entry.,Sanitation,Garbage,Low,informal waste picker network disrupted by contractor entry.
Garbage fire in container caused by improper disposal of ash.,Sanitation,Garbage,Low,garbage fire in container caused by improper disposal of ash.
Clear water flooding from pipe burst is water department responsibility.,Water Supply,Leakage,High,clear water flooding from pipe burst is water department responsibility.
Flood on street is from water main damage not storm drainage issue.,Water Supply,Leakage,High,flood on street is from water main damage not storm drainage issue.
Waterlogging from supply pipe burst different from rain accumulation.,Water Supply,Leakage,High,waterlogging from supply pipe burst different from rain accumulation.
Power failure causing water pump shutdown hence empty overhead tanks.,Electricity,Power Cut,High,power failure causing water pump shutdown hence empty overhead tanks.
No water in taps because power cut stopped the pump house motors.,Electricity,Power Cut,High,no water in taps because power cut stopped the pump house motors.
Water shortage here is secondary effect of primary power outage.,Electricity,Power Cut,High,water shortage here is secondary effect of primary power outage.
Fix electricity first then water pump can fill our tanks automatically.,Electricity,Power Cut,High,fix electricity first then water pump can fill our tanks automatically.
Pothole appeared at pipe repair location poor road reinstatement.,Roads,Pothole,Medium,pothole appeared at pipe repair location poor road reinstatement.
Water seepage from leak has created pothole at that spot specifically.,Roads,Pothole,Medium,water seepage from leak has created pothole at that spot specifically.
Road damage worse where water pipe leakage is continuously happening.,Roads,Road Damage,Medium,road damage worse where water pipe leakage is continuously happening.
Garbage dump blocking drain causing water backup onto road surface.,Sanitation,Garbage,Low,garbage dump blocking drain causing water backup onto road surface.
Combined problem of garbage accumulation and pothole at same location.,Sanitation,Garbage,Low,combined problem of garbage accumulation and pothole at same location.
Street cleaning not happening properly garbage mixing with road dust.,Sanitation,Garbage,Low,street cleaning not happening properly garbage mixing with road dust.
Main water supply pipe running through has burst please fix urgently.,Water Supply,Leakage,High,main water supply pipe running through has burst please fix urgently.
Pipe leakage and road damage both happening at same stretch of road.,Water Supply,Leakage,High,pipe leakage and road damage both happening at same stretch of road.
Water department should repair the burst and roads department should restore road after.,Water Supply,Leakage,High,water department should repair the burst and roads department should restore road after.
Cracked pipe water flowing onto electric transformer creating danger.,Water Supply,Leakage,High,cracked pipe water flowing onto electric transformer creating danger.
Both utilities need to coordinate water pipe near power lines breached.,Water Supply,Leakage,High,both utilities need to coordinate water pipe near power lines breached.
Water and electricity departments both need to attend this combined issue.,Water Supply,Leakage,High,water and electricity departments both need to attend this combined issue.
Pothole issue will recur unless water leak underneath is fixed first.,Roads,Pothole,Medium,pothole issue will recur unless water leak underneath is fixed first.
Road keeps breaking because water seepage from below is weakening foundation.,Roads,Road Damage,Medium,road keeps breaking because water seepage from below is weakening foundation.
Foundation damage to road from continuous water pipe seepage.,Roads,Road Damage,Medium,foundation damage to road from continuous water pipe seepage.
Water leak has caused road to collapse at that section needs both repairs.,Water Supply,Leakage,High,water leak has caused road to collapse at that section needs both repairs.
Please coordinate between water road and electricity all three involved here.,Water Supply,Leakage,High,please coordinate between water road and electricity all three involved here.
Multi department coordination needed water leaked damaged road and affected power cables.,Water Supply,Leakage,High,multi department coordination needed water leaked damaged road and affected power cables.
Garbage on road plus pothole plus no street light triple problem location.,Sanitation,Garbage,Low,garbage on road plus pothole plus no street light triple problem location.
Night garbage dumping happens because no street light to catch culprits.,Sanitation,Garbage,Low,night garbage dumping happens because no street light to catch culprits.
Power cut affects garbage compactor truck charging operations delayed collection.,Sanitation,Garbage,Low,power cut affects garbage compactor truck charging operations delayed collection.
Complete infrastructure failure at this location all services disrupted.,Water Supply,Leakage,High,complete infrastructure failure at this location all services disrupted.
Water pipe electric cable and road surface all damaged at same spot.,Water Supply,Leakage,High,water pipe electric cable and road surface all damaged at same spot.
Comprehensive repair needed multiple civic services affected at junction.,Water Supply,Leakage,High,comprehensive repair needed multiple civic services affected at junction.
This complaint covers water leakage primarily but road also needs attention after.,Water Supply,Leakage,High,this complaint covers water leakage primarily but road also needs attention after.
Pipe burst created pothole created garbage dumping created mosquito breeding all connected.,Water Supply,Leakage,High,pipe burst created pothole created garbage dumping created mosquito breeding all connected.
Start with pipe repair then road repair then regular garbage collection please.,Water Supply,Leakage,High,start with pipe repair then road repair then regular garbage collection please.
Systematic failure all services gone bad starting from water pipe burst incident.,Water Supply,Leakage,High,systematic failure all services gone bad starting from water pipe burst incident.
Our lane needs attention from water roads electricity and sanitation all four.,Water Supply,Leakage,High,our lane needs attention from water roads electricity and sanitation all four.
Prioritize water leak fix then address consequential road and sanitation issues.,Water Supply,Leakage,High,prioritize water leak fix then address consequential road and sanitation issues.
